aX,aY,aZ,gX,gY,gZ
-0.515,-0.768,0.634,2.014,-15.015,-4.150
-0.379,-0.764,0.631,-10.437,-5.127,-41.504
-0.416,-0.733,0.611,-9.949,5.249,-47.119
-0.325,-0.721,0.658,-6.104,12.695,-49.744
-0.310,-0.710,0.625,-6.287,16.296,-46.143
-0.427,-0.687,0.576,-5.798,19.470,-39.246
-0.417,-0.626,0.566,-2.502,24.719,-40.222
-0.343,-0.619,0.585,5.310,29.053,-41.382
-0.307,-0.660,0.566,11.902,31.799,-34.729
-0.166,-0.668,0.734,13.550,25.574,-27.832
-0.321,-0.695,0.713,4.700,11.108,-11.963
-0.289,-0.662,0.619,-5.798,8.606,-6.287
-0.326,-0.664,0.579,-4.150,5.676,-3.479
-0.417,-0.630,0.531,4.517,5.249,-2.502
-0.433,-0.664,0.576,14.221,8.545,-5.066
-0.362,-0.646,0.587,20.935,8.423,-10.498
-0.350,-0.642,0.554,24.353,13.672,-9.399
-0.340,-0.679,0.565,26.733,19.104,-8.423
-0.347,-0.681,0.609,28.625,17.578,-11.353
-0.344,-0.704,0.656,22.522,17.090,-12.085
-0.351,-0.664,0.572,11.902,16.785,-11.963
-0.361,-0.622,0.596,10.254,15.503,-11.780
-0.346,-0.645,0.647,12.268,12.756,-9.827
-0.356,-0.616,0.660,12.268,7.935,-6.104
-0.386,-0.633,0.675,8.301,3.540,0.793
-0.434,-0.671,0.665,6.592,-1.648,6.287
-0.482,-0.677,0.635,7.812,-5.066,6.348
-0.492,-0.646,0.513,10.193,-2.502,2.625
-0.430,-0.616,0.498,18.494,5.554,-2.625
-0.349,-0.618,0.493,28.992,13.550,-4.639
-0.298,-0.622,0.503,39.612,12.695,-3.845
-0.312,-0.626,0.560,48.950,7.080,-1.831
-0.330,-0.676,0.616,55.664,3.174,0.977
-0.348,-0.746,0.655,60.181,3.967,3.723
-0.376,-0.787,0.692,57.861,6.409,3.845
-0.394,-0.796,0.710,48.035,7.446,1.282
-0.393,-0.778,0.712,39.063,9.583,-2.991
-0.362,-0.783,0.730,36.011,12.512,-7.751
-0.350,-0.808,0.738,39.124,11.841,-12.878
-0.346,-0.799,0.776,38.940,8.118,-17.212
-0.414,-0.803,0.704,31.555,9.705,-21.240
-0.523,-0.820,0.677,17.395,11.230,-20.020
-0.402,-0.752,0.684,5.249,18.555,-24.414
-0.326,-0.734,0.660,-7.019,28.809,-31.982
-0.312,-0.725,0.608,-16.541,36.316,-35.828
-0.365,-0.660,0.499,-20.325,42.786,-38.696
-0.336,-0.563,0.459,-5.676,57.312,-49.377
-0.189,-0.431,0.542,23.132,72.754,-67.993
-0.251,-0.485,0.566,42.053,77.026,-88.684
-0.432,-0.611,0.536,45.105,79.651,-100.525
-0.528,-0.753,0.566,38.635,80.933,-106.140
-0.445,-0.732,0.559,31.738,78.552,-99.670
-0.422,-0.707,0.512,26.367,79.590,-91.858
-0.429,-0.729,0.532,27.588,76.416,-97.656
-0.427,-0.730,0.580,36.072,66.650,-102.905
-0.438,-0.712,0.622,52.246,59.753,-104.431
-0.416,-0.717,0.667,74.707,67.993,-106.812
-0.381,-0.733,0.635,80.017,82.764,-109.802
-0.415,-0.766,0.616,66.406,94.116,-105.957
-0.401,-0.756,0.560,41.687,100.403,-95.825
-0.422,-0.760,0.452,22.583,100.769,-80.811
-0.460,-0.758,0.393,9.094,87.646,-62.134
-0.522,-0.808,0.487,-0.854,66.711,-43.457
-0.447,-0.782,0.571,-10.620,54.871,-29.968
-0.301,-0.809,0.619,-32.959,57.251,-23.987
-0.326,-0.849,0.611,-60.486,52.917,-18.433
-0.425,-0.790,0.711,-76.660,46.631,-15.442
-0.496,-0.726,0.866,-82.336,42.969,2.380
-0.352,-0.554,0.777,-73.914,56.335,25.391
-0.325,-0.484,0.689,-61.157,61.890,36.255
-0.357,-0.464,0.643,-50.415,53.345,35.767
-0.435,-0.458,0.617,-36.560,41.382,33.081
-0.456,-0.490,0.530,-21.667,33.447,23.071
-0.341,-0.588,0.514,-1.526,39.734,13.977
-0.227,-0.719,0.493,18.921,42.297,9.460
-0.048,-1.006,0.528,37.476,48.767,12.146
-0.183,-0.985,0.657,45.959,44.373,25.024
-0.365,-0.807,0.787,32.410,36.255,39.246
-0.164,-0.657,0.765,12.390,41.809,42.786
-0.209,-0.639,0.725,5.981,43.640,37.781
-0.192,-0.554,0.666,9.399,34.424,32.410
-0.234,-0.519,0.625,19.287,19.775,13.611
-0.293,-0.487,0.595,28.320,10.925,-0.244
-0.256,-0.528,0.563,39.673,7.080,-12.573
-0.248,-0.645,0.603,51.819,5.432,-18.555
-0.277,-0.656,0.631,56.091,7.019,-13.733
-0.266,-0.632,0.631,50.110,10.742,-8.667
-0.239,-0.674,0.630,42.908,12.451,-8.118
-0.229,-0.680,0.620,39.063,10.803,-6.775
-0.244,-0.683,0.624,35.950,11.353,-5.615
-0.240,-0.699,0.632,29.724,10.498,-7.263
-0.198,-0.743,0.657,21.118,7.751,-9.888
-0.258,-0.753,0.662,13.550,5.310,-10.071
-0.299,-0.735,0.646,5.188,5.798,-9.705
-0.313,-0.720,0.604,1.343,8.606,-12.451
-0.315,-0.716,0.606,2.747,9.705,-16.541
-0.311,-0.710,0.618,7.263,10.376,-21.912
-0.240,-0.720,0.647,9.277,12.817,-27.771
-0.329,-0.658,0.709,10.010,12.329,-36.743
-0.369,-0.605,0.698,10.437,10.681,-39.429
-0.336,-0.542,0.682,9.521,10.132,-44.434
-0.270,-0.565,0.601,8.057,9.888,-55.725
-0.178,-0.509,0.509,5.615,13.611,-76.477
-0.349,-0.543,0.488,3.296,15.137,-95.093
-0.532,-0.741,0.497,2.686,2.075,-97.595
-0.418,-0.857,0.543,8.850,-13.367,-83.435
-0.283,-0.902,0.563,20.630,-22.461,-66.162
-0.261,-0.894,0.646,26.306,-18.494,-56.763
-0.303,-0.935,0.721,22.095,-17.334,-47.852
-0.313,-0.862,0.470,14.648,-11.719,-40.527
-0.208,-0.628,0.428,28.381,2.319,-37.903
-0.373,-0.652,0.674,48.340,9.338,-30.029
-0.393,-0.721,0.764,55.176,1.099,-31.555
-0.348,-0.732,0.705,58.044,-4.333,-35.706
-0.402,-0.739,0.728,58.899,-5.798,-33.936
-0.359,-0.734,0.718,49.866,-4.333,-32.776
-0.311,-0.683,0.713,34.729,2.686,-30.090
-0.394,-0.645,0.837,18.250,5.188,-20.081
-0.401,-0.645,0.719,0.244,-0.671,-15.381
0.344,-1.428,-1.153,-32.593,-101.379,149.170
0.494,-1.518,-1.176,-40.161,-83.313,135.437
0.465,-1.676,-1.189,-31.738,-70.618,122.009
0.419,-1.756,-1.262,-18.982,-73.853,111.694
0.364,-1.776,-1.373,-12.756,-75.623,95.337
0.267,-1.746,-1.451,-13.733,-77.698,76.111
0.094,-1.664,-1.552,-19.958,-76.233,57.373
-0.594,-1.728,-1.806,-21.912,-75.500,42.053
-2.087,-2.161,-2.554,-14.221,-94.788,39.795
-1.212,-1.838,-2.698,4.028,-121.033,45.959
-0.073,-1.751,-2.250,20.203,-53.345,24.048
0.238,-1.614,-1.804,33.569,33.264,-3.967
0.225,-1.275,-1.467,43.030,63.171,-35.706
0.169,-0.834,-1.388,40.344,52.673,-67.200
0.111,-0.403,-1.538,27.039,16.907,-80.322
0.061,-0.075,-1.839,19.714,-21.484,-76.538
0.056,0.103,-2.081,29.419,-38.940,-64.087
0.030,0.131,-2.226,52.307,-31.799,-49.622
0.063,0.100,-2.299,74.219,-6.897,-37.720
0.130,0.061,-2.304,84.412,20.264,-31.799
0.189,0.105,-2.290,80.688,39.673,-31.433
0.200,0.244,-2.341,70.496,51.086,-33.447
0.151,0.392,-2.440,67.627,59.631,-33.081
0.130,0.497,-2.510,74.646,74.402,-25.818
0.122,0.541,-2.531,85.266,95.703,-12.512
0.119,0.527,-2.508,95.032,115.906,1.038
0.105,0.493,-2.515,98.022,130.554,13.794
0.060,0.453,-2.614,95.032,141.541,24.170
0.062,0.431,-2.732,90.759,157.349,30.518
0.092,0.448,-2.877,89.233,182.190,33.264
0.127,0.476,-2.974,91.003,215.332,34.912
0.185,0.478,-2.885,88.623,253.174,40.710
0.254,0.458,-2.643,76.294,292.969,53.589
0.310,0.402,-2.291,58.411,326.477,67.749
0.372,0.301,-1.875,36.926,348.755,77.698
0.378,0.188,-1.486,10.742,359.436,82.214
0.364,0.084,-1.143,-17.517,362.427,79.529
0.402,-0.027,-0.774,-44.861,362.854,72.510
0.440,-0.232,-0.321,-66.772,359.924,65.063
0.530,-0.321,0.049,-81.909,351.196,54.871
0.633,-0.298,0.315,-78.979,343.323,57.373
0.724,-0.402,0.587,-50.964,334.534,73.425
0.824,-0.716,0.900,-13.367,310.425,85.693
1.018,-1.106,1.214,9.277,254.028,77.393
0.999,-1.145,1.300,7.812,170.776,62.866
0.891,-1.122,1.285,2.014,90.942,54.749
0.819,-1.008,1.131,2.014,30.029,51.575
0.774,-0.902,0.922,10.498,-9.155,55.725
0.879,-0.855,0.666,25.574,-36.560,54.321
0.960,-0.846,0.461,52.673,-64.880,43.823
0.846,-0.777,0.196,87.952,-93.140,29.785
0.706,-0.670,-0.111,120.117,-108.154,13.794
0.633,-0.543,-0.416,141.479,-111.023,-2.747
0.532,-0.427,-0.679,150.024,-108.643,-13.367
0.414,-0.320,-0.883,145.569,-102.661,-18.921
0.316,-0.226,-1.009,129.333,-93.933,-22.827
0.233,-0.124,-1.093,106.201,-86.487,-26.611
0.159,-0.028,-1.160,78.979,-82.581,-30.212
0.065,0.049,-1.226,49.561,-79.651,-30.029
-0.009,0.087,-1.264,22.644,-73.059,-26.367
-0.061,0.092,-1.266,2.380,-63.293,-22.339
-0.109,0.074,-1.246,-11.230,-53.833,-20.447
-0.162,0.055,-1.201,-21.729,-46.082,-19.348
-0.200,0.033,-1.156,-28.015,-37.903,-18.127
-0.246,0.019,-1.120,-28.137,-30.151,-17.944
-0.276,0.025,-1.089,-25.513,-22.217,-17.944
-0.293,0.016,-1.056,-24.353,-15.381,-16.602
-0.306,-0.005,-1.026,-26.855,-12.024,-14.038
-0.317,-0.037,-1.022,-32.837,-12.085,-11.108
-0.343,-0.055,-1.052,-41.199,-14.832,-9.338
-0.371,-0.057,-1.089,-48.462,-16.602,-8.911
-0.376,-0.072,-1.098,-50.110,-15.076,-8.545
-0.368,-0.097,-1.087,-45.837,-11.963,-7.812
-0.366,-0.118,-1.079,-39.124,-10.254,-6.897
-0.379,-0.129,-1.081,-31.921,-9.705,-6.226
-0.386,-0.150,-1.079,-23.743,-8.362,-6.531
-0.392,-0.176,-1.058,-16.113,-7.019,-8.118
-0.400,-0.185,-1.036,-12.390,-6.958,-9.583
-0.405,-0.183,-1.011,-13.245,-9.888,-10.742
-0.402,-0.171,-0.997,-16.418,-13.672,-12.207
-0.384,-0.160,-0.997,-19.165,-17.883,-13.794
-0.360,-0.153,-1.008,-23.010,-23.560,-13.916
-0.343,-0.161,-1.016,-27.039,-28.320,-12.512
-0.333,-0.181,-1.021,-31.250,-31.677,-10.742
-0.297,-0.240,-1.039,-36.804,-33.203,-9.583
-0.303,-0.198,-1.044,-37.781,-33.630,-9.766
-0.323,-0.210,-1.045,-38.696,-31.067,-8.057
-0.333,-0.239,-1.038,-36.743,-23.804,-10.071
-0.310,-0.252,-1.013,-27.344,-14.526,-14.038
-0.280,-0.270,-0.994,-16.907,-5.432,-16.541
-0.240,-0.274,-0.978,-8.911,0.000,-18.188
-0.214,-0.279,-0.961,-5.127,1.343,-19.470
-0.198,-0.285,-0.945,-7.019,-0.244,-19.714
-0.162,-0.292,-0.939,-13.367,-2.319,-20.264
-0.128,-0.290,-0.945,-22.461,-4.700,-21.179
-0.121,-0.296,-0.961,-33.997,-8.057,-21.606
-0.123,-0.322,-0.970,-44.861,-8.423,-21.912
-0.135,-0.341,-0.969,-53.040,-6.165,-23.621
-0.139,-0.336,-0.962,-58.533,-2.747,-26.917
-0.164,-0.342,-0.935,-60.425,2.441,-30.029
-0.184,-0.359,-0.877,-59.631,8.606,-32.166
-0.159,-0.385,-0.817,-59.021,14.282,-34.119
-0.131,-0.398,-0.747,-60.669,16.052,-33.875
-0.130,-0.393,-0.682,-64.453,13.428,-30.701
-0.140,-0.382,-0.680,-69.336,9.033,-28.809
-0.136,-0.435,-0.671,-71.655,6.104,-26.855
-0.149,-0.460,-0.654,-74.219,6.775,-26.672
-0.141,-0.544,-0.610,-78.186,7.812,-30.090
-0.164,-0.563,-0.607,-81.665,5.371,-33.813
-0.170,-0.546,-0.641,-81.909,1.526,-40.161
-0.204,-0.546,-0.689,-79.712,-0.732,-48.218
-0.238,-0.551,-0.699,-76.172,-2.563,-53.711
-0.271,-0.562,-0.675,-76.233,-5.432,-54.504
-0.305,-0.567,-0.624,-78.674,-10.254,-55.603
-0.336,-0.579,-0.588,-78.857,-16.296,-58.777
-0.374,-0.567,-0.576,-79.651,-24.414,-62.256
-0.403,-0.554,-0.575,-81.116,-32.166,-66.467
-0.438,-0.512,-0.581,-79.712,-39.551,-69.519
-0.522,-0.483,-0.615,-73.303,-47.302,-69.824
-0.794,-0.365,-1.511,72.876,-11.536,-64.209
-0.822,-0.358,-1.619,87.463,-9.705,-70.496
-0.859,-0.368,-1.737,99.976,-5.066,-77.148
-0.833,-0.365,-1.885,107.361,1.831,-84.106
-0.825,-0.364,-1.998,108.643,8.972,-91.675
-0.882,-0.305,-2.053,101.440,18.066,-98.450
-0.797,-0.324,-2.063,88.867,32.166,-100.586
-0.762,-0.268,-2.081,72.632,44.006,-100.342
-0.760,-0.242,-2.045,52.002,54.016,-99.792
-0.757,-0.229,-1.960,33.386,66.956,-95.520
-0.785,-0.220,-1.848,17.883,79.956,-91.919
-0.778,-0.219,-1.700,6.042,92.896,-91.125
-0.770,-0.232,-1.555,-2.197,105.286,-90.332
-0.771,-0.255,-1.426,-8.240,115.417,-89.844
-0.753,-0.244,-1.340,-15.442,125.977,-92.102
-0.672,-0.154,-1.252,-23.071,139.526,-96.497
-0.594,-0.073,-1.113,-26.428,153.198,-96.863
-0.552,0.029,-0.946,-26.062,161.804,-94.788
-0.525,0.147,-0.792,-22.888,166.443,-89.478
-0.468,0.224,-0.647,-15.808,167.236,-83.069
-0.288,0.269,-0.500,-7.751,162.537,-74.890
-0.294,0.253,-0.420,-3.296,145.264,-63.660
-0.271,0.259,-0.359,-4.761,129.150,-53.162
-0.105,0.308,-0.331,-8.789,126.038,-45.410
0.072,0.325,-0.260,-13.550,117.004,-37.842
0.174,0.362,-0.227,-18.738,101.868,-26.611
0.272,0.444,-0.190,-23.926,84.106,-15.808
0.430,0.560,-0.163,-24.658,65.857,-7.751
0.606,0.681,-0.099,-20.996,43.884,1.587
0.781,0.808,-0.025,-19.897,18.311,16.907
0.944,0.894,0.059,-21.912,-7.446,38.452
1.071,0.942,0.173,-25.879,-37.659,65.002
1.181,0.968,0.299,-29.114,-74.890,92.773
1.328,0.967,0.439,-28.870,-117.554,118.164
1.478,0.921,0.536,-27.100,-167.603,139.404
1.556,0.908,0.570,-21.118,-225.403,157.654
1.568,0.901,0.554,-7.446,-286.072,172.119
1.520,0.870,0.436,10.803,-339.355,186.707
1.512,0.782,0.217,30.762,-374.451,203.369
1.446,0.636,-0.022,48.950,-389.404,222.229
1.351,0.371,-0.235,67.200,-385.254,238.342
1.291,0.018,-0.436,76.538,-368.225,244.690
1.176,-0.320,-0.641,73.425,-343.750,237.366
1.084,-0.622,-0.878,62.988,-314.026,215.942
0.982,-0.834,-1.104,44.800,-283.936,185.120
0.897,-0.915,-1.265,18.677,-259.949,159.241
0.812,-0.977,-1.431,-12.085,-241.882,148.193
0.752,-1.059,-1.579,-34.363,-224.487,149.048
0.603,-1.251,-1.743,-42.480,-211.914,154.236
0.492,-1.510,-1.932,-42.236,-203.247,157.959
0.451,-1.766,-2.151,-41.382,-191.895,156.067
0.431,-1.966,-2.396,-39.124,-175.049,142.761
0.378,-2.087,-2.614,-34.424,-154.846,119.019
0.322,-2.095,-2.713,-38.025,-128.357,93.628
0.260,-1.955,-2.737,-49.988,-98.145,69.763
0.196,-1.734,-2.698,-58.472,-71.594,47.729
0.141,-1.520,-2.589,-58.716,-49.744,31.982
0.072,-1.315,-2.474,-51.880,-31.921,24.048
0.002,-1.136,-2.379,-37.231,-21.179,19.836
-0.055,-0.973,-2.340,-17.151,-17.517,17.517
-0.111,-0.791,-2.427,6.165,-16.052,15.137
-0.155,-0.639,-2.549,31.494,-13.733,11.230
-0.167,-0.516,-2.648,50.720,-6.104,7.263
-0.152,-0.401,-2.708,62.317,5.798,2.686
-0.155,-0.292,-2.765,68.787,18.921,-2.014
-0.177,-0.163,-2.864,74.341,33.569,-6.653
-0.187,-0.035,-2.974,82.031,51.208,-12.329
-0.216,0.078,-3.054,89.783,70.313,-13.733
-0.228,0.202,-3.129,95.642,89.355,-10.315
-0.242,0.348,-3.221,103.088,107.422,-6.042
-0.267,0.556,-3.383,110.413,122.925,-2.258
-0.311,0.708,-3.531,114.136,137.939,4.272
-0.327,0.759,-3.569,107.300,159.790,18.799
-0.312,0.748,-3.475,87.769,192.566,37.476
-0.276,0.691,-3.245,64.453,233.643,54.138
-0.208,0.625,-2.848,39.734,279.785,67.993
-0.103,0.572,-2.361,16.113,324.768,79.224
0.002,0.544,-1.893,-7.812,361.755,89.294
0.137,0.517,-1.450,-30.212,391.663,99.304
0.327,0.465,-0.994,-47.180,417.297,110.962
0.519,0.323,-0.435,-54.871,436.646,124.512
0.651,0.079,0.172,-54.382,440.918,133.972
0.838,-0.240,0.853,-59.204,420.959,133.667
1.046,-0.501,1.521,-80.383,377.014,125.854
1.100,-0.487,1.904,-100.403,311.279,113.220
1.203,-0.511,2.075,-94.177,237.610,107.300
1.348,-0.828,2.081,-70.557,155.518,102.966
1.376,-1.025,1.812,-47.546,80.688,98.694
1.492,-1.063,1.401,-18.005,26.672,84.961
1.506,-0.984,1.014,30.457,-12.207,74.280
1.525,-1.054,0.642,89.722,-49.438,61.096
1.455,-0.927,0.217,145.081,-82.092,44.556
1.253,-0.824,-0.235,192.932,-101.868,26.184
1.171,-0.771,-0.613,213.013,-108.948,-0.549
1.028,-0.698,-0.859,194.641,-116.211,-26.062
0.812,-0.540,-1.020,141.052,-123.840,-40.222
0.561,-0.301,-1.166,77.881,-121.704,-42.542
0.354,-0.072,-1.281,33.997,-102.783,-37.292
0.216,0.044,-1.284,20.752,-70.862,-26.672
0.113,0.028,-1.195,23.499,-40.527,-18.555
0.048,-0.015,-1.103,25.574,-20.813,-18.555
0.006,-0.054,-1.048,17.212,-11.169,-22.095
-0.052,-0.052,-1.019,-0.183,-8.667,-24.719
-0.086,-0.041,-0.994,-17.578,-7.935,-25.513
-0.118,-0.045,-0.968,-30.151,-8.240,-25.085
-0.154,-0.063,-0.955,-38.574,-10.132,-23.376
-0.203,-0.088,-0.947,-44.250,-13.367,-20.630
-0.244,-0.132,-0.932,-47.607,-17.578,-17.517
-0.279,-0.161,-0.943,-52.246,-22.156,-14.709
-0.308,-0.155,-0.959,-57.251,-26.733,-12.573
-0.319,-0.162,-0.960,-58.167,-30.029,-10.437
-0.326,-0.181,-0.996,-53.345,-31.006,-9.033
-0.338,-0.188,-1.030,-42.969,-30.518,-8.301
-0.337,-0.170,-1.062,-31.311,-27.893,-7.629
-0.365,-0.262,-1.091,-21.057,-25.085,-7.690
-0.401,-0.308,-1.118,-11.902,-20.325,-4.333
-0.380,-0.362,-1.113,-7.874,-12.756,-2.258
-0.345,-0.402,-1.101,-8.179,-7.874,-2.747
-0.343,-0.402,-1.096,-9.949,-7.629,-4.150
1.036,1.136,0.829,-62.439,-51.453,114.563
1.285,1.155,0.908,-51.392,-108.337,147.217
1.479,1.187,0.849,-34.058,-182.251,180.725
1.683,1.224,0.730,-4.211,-263.489,210.754
1.875,1.214,0.576,34.302,-342.285,238.586
2.041,1.214,0.317,69.458,-414.978,270.935
2.160,1.180,-0.065,96.069,-471.313,308.472
2.277,0.888,-0.362,121.826,-501.648,344.116
2.271,0.320,-0.826,141.907,-495.117,360.840
2.136,-0.294,-1.395,154.236,-453.979,341.064
1.930,-0.714,-1.725,146.484,-391.418,293.213
1.845,-0.981,-1.841,110.718,-324.585,243.225
1.657,-1.040,-1.900,56.396,-266.907,201.843
1.537,-0.991,-1.815,4.150,-228.271,168.457
1.327,-0.849,-1.744,-40.955,-210.083,153.809
1.149,-0.790,-1.742,-72.266,-205.994,148.437
0.962,-0.842,-1.814,-83.740,-203.308,149.902
0.812,-1.015,-1.911,-80.200,-199.158,154.724
0.717,-1.243,-2.012,-72.571,-187.561,156.616
0.599,-1.476,-2.078,-66.406,-172.607,153.625
0.470,-1.647,-2.131,-67.444,-156.189,144.531
0.427,-1.742,-2.156,-74.219,-134.155,129.028
0.451,-1.786,-2.117,-79.285,-108.704,112.671
0.457,-1.810,-2.055,-75.317,-85.815,97.046
0.479,-1.804,-2.013,-63.416,-66.895,80.566
0.483,-1.779,-1.989,-47.729,-55.054,64.331
0.434,-1.723,-1.984,-32.532,-50.232,50.293
0.379,-1.577,-2.022,-20.386,-47.913,37.781
0.296,-1.411,-2.078,-5.981,-47.363,25.818
0.223,-1.231,-2.123,10.254,-44.006,15.686
0.168,-1.048,-2.162,27.649,-35.706,6.836
0.141,-0.853,-2.228,46.692,-25.146,-2.441
0.141,-0.651,-2.336,64.697,-13.977,-12.512
0.133,-0.461,-2.462,77.454,-3.601,-21.912
0.148,-0.245,-2.618,84.473,7.996,-28.198
0.150,-0.052,-2.767,89.050,22.522,-30.518
0.151,0.084,-2.890,92.590,40.100,-27.832
0.165,0.202,-2.988,94.788,62.439,-22.217
0.210,0.356,-3.096,97.961,85.327,-16.541
0.244,0.493,-3.238,103.271,105.530,-10.376
0.269,0.595,-3.386,106.934,123.352,-1.892
0.332,0.632,-3.473,103.821,145.020,10.742
0.394,0.605,-3.451,91.919,171.753,27.527
0.426,0.593,-3.377,69.946,204.102,46.387
0.453,0.580,-3.220,45.471,239.746,61.340
0.489,0.565,-2.997,26.001,275.818,71.289
0.506,0.502,-2.748,9.033,312.073,79.346
0.538,0.430,-2.467,-7.690,350.952,85.083
0.567,0.363,-2.131,-24.292,392.029,85.327
0.620,0.296,-1.731,-44.495,431.702,80.750
0.750,0.240,-1.240,-72.144,463.684,74.219
0.858,0.152,-0.659,-106.384,480.957,67.993
0.934,0.006,-0.002,-143.799,476.074,60.669
1.003,-0.176,0.697,-182.434,442.078,47.729
0.858,-0.130,1.132,-217.712,382.385,35.522
0.552,0.085,1.264,-222.595,327.759,35.156
0.734,-0.154,1.580,-182.251,285.828,33.081
0.751,-0.599,1.857,-125.549,239.136,36.621
0.836,-0.873,1.923,-84.534,200.500,38.635
1.011,-0.770,1.955,-52.246,158.325,44.250
0.922,-0.577,2.036,-4.761,103.638,72.937
0.981,-0.780,2.169,50.842,36.804,104.370
1.035,-1.016,1.943,84.167,-52.612,110.962
1.043,-1.053,1.382,94.543,-135.010,101.501
1.019,-1.022,0.702,102.722,-183.167,79.407
0.985,-0.883,0.026,119.812,-187.927,52.185
0.916,-0.728,-0.470,147.217,-163.147,27.527
0.811,-0.598,-0.798,169.312,-129.517,9.949
0.708,-0.507,-1.010,174.316,-100.220,-9.277
0.553,-0.340,-1.161,160.034,-80.017,-26.550
0.425,-0.136,-1.280,133.240,-65.552,-38.025
0.260,0.020,-1.358,104.431,-55.969,-42.480
0.102,0.115,-1.398,76.416,-48.584,-39.917
-0.012,0.146,-1.386,52.185,-40.833,-35.095
-0.095,0.128,-1.344,31.494,-34.424,-30.457
-0.182,0.098,-1.295,13.123,-29.724,-25.391
-0.256,0.092,-1.264,-2.014,-23.682,-22.034
-0.287,0.092,-1.221,-12.329,-15.076,-21.606
-0.303,0.069,-1.151,-20.813,-7.507,-20.569
-0.331,0.055,-1.081,-28.687,-3.662,-18.616
-0.387,0.052,-1.041,-34.241,-2.075,-15.503
-0.426,0.021,-1.000,-36.499,0.610,-11.169
-0.453,-0.016,-0.975,-34.485,3.174,-6.958
-0.469,-0.074,-0.967,-29.663,5.005,-3.662
-0.465,-0.148,-0.982,-25.757,4.456,-2.075
-0.457,-0.210,-1.002,-24.109,1.465,-2.380
-0.454,-0.237,-1.039,-25.696,-2.991,-3.174
-0.457,-0.244,-1.095,-29.785,-7.019,-3.357
-0.442,-0.257,-1.147,-33.813,-8.728,-3.235
-0.401,-0.275,-1.164,-35.889,-7.751,-2.625
-0.368,-0.291,-1.163,-34.607,-6.592,-1.770
-0.356,-0.318,-1.172,-30.518,-5.188,-0.977
-0.351,-0.352,-1.183,-23.804,-2.869,-0.427
-0.329,-0.390,-1.169,-14.954,2.014,-1.221
-0.294,-0.432,-1.116,-6.531,7.874,-2.808
-0.261,-0.477,-1.057,-2.869,11.475,-4.028
-0.222,-0.510,-1.008,-4.333,10.437,-5.432
-0.181,-0.539,-0.979,-8.667,6.226,-6.714
-0.142,-0.586,-0.968,-14.404,0.793,-8.423
-0.129,-0.636,-0.971,-20.874,-3.357,-11.230
-0.129,-0.656,-0.988,-28.870,-4.700,-15.747
-0.148,-0.674,-1.000,-36.255,-2.991,-21.729
-0.159,-0.695,-1.001,-40.527,3.418,-27.954
-0.160,-0.708,-0.979,-41.199,13.550,-34.729
-0.155,-0.711,-0.924,-39.917,22.949,-42.786
-0.159,-0.714,-0.863,-40.161,28.687,-49.866
-0.156,-0.706,-0.821,-41.809,30.273,-56.335
-0.170,-0.727,-0.816,-43.945,29.907,-62.012
-0.143,-0.739,-0.841,-44.556,32.104,-66.833
-0.183,-0.774,-0.861,-42.236,34.729,-74.829
-0.275,-0.779,-0.841,-40.833,39.185,-83.740
-0.325,-0.751,-0.784,-43.884,46.204,-90.576
-0.318,-0.735,-0.683,-49.133,52.368,-94.604
-0.327,-0.735,-0.599,-53.528,54.871,-95.825
-0.354,-0.731,-0.562,-53.528,53.162,-97.229
-0.379,-0.710,-0.563,-49.866,49.011,-100.159
-0.418,-0.696,-0.572,-44.739,44.128,-102.966
-0.486,-0.685,-0.595,-40.833,38.330,-105.164
-0.529,-0.661,-0.610,-40.405,32.349,-108.154
-0.925,0.275,-1.436,29.114,29.480,-159.973
-0.919,0.314,-1.426,12.268,35.217,-153.137
-0.902,0.360,-1.380,-9.460,43.396,-146.240
-0.892,0.425,-1.325,-31.311,51.758,-138.672
-0.863,0.498,-1.258,-47.119,59.265,-131.592
-0.835,0.565,-1.182,-54.688,64.087,-124.084
-0.797,0.619,-1.111,-53.955,67.810,-114.441
-0.745,0.629,-1.032,-46.204,71.655,-102.905
-0.673,0.613,-0.955,-38.818,75.378,-90.027
-0.577,0.589,-0.854,-35.400,79.163,-77.026
-0.490,0.552,-0.738,-35.706,81.787,-64.087
-0.385,0.505,-0.598,-40.344,83.374,-51.270
-0.235,0.489,-0.448,-49.377,82.397,-39.063
-0.133,0.488,-0.318,-61.462,75.806,-26.672
-0.037,0.502,-0.237,-72.449,63.721,-15.381
0.075,0.524,-0.193,-78.857,47.668,-5.676
0.197,0.567,-0.161,-81.665,31.677,5.005
0.332,0.613,-0.098,-83.679,17.334,18.188
0.485,0.677,-0.012,-86.975,2.563,33.081
0.631,0.754,0.063,-88.745,-14.404,50.232
0.781,0.821,0.124,-84.045,-37.354,69.885
0.940,0.843,0.193,-73.669,-68.054,90.942
1.109,0.833,0.274,-62.195,-105.286,113.281
1.243,0.820,0.371,-56.335,-151.550,136.536
1.378,0.835,0.451,-55.420,-209.473,160.706
1.535,0.859,0.464,-55.969,-278.137,189.270
1.631,0.861,0.406,-54.810,-355.408,228.088
1.702,0.826,0.181,-52.856,-425.049,268.250
1.705,0.745,-0.079,-45.105,-473.694,305.359
1.620,0.493,-0.343,-28.442,-496.765,334.290
1.573,0.117,-0.662,-12.024,-487.976,344.543
1.409,-0.294,-1.044,3.357,-452.881,332.520
1.123,-0.666,-1.465,27.466,-403.320,296.631
0.937,-0.900,-1.643,40.710,-341.858,247.803
0.925,-1.058,-1.618,13.733,-285.095,206.299
0.915,-1.032,-1.615,-49.255,-250.244,184.570
0.895,-0.954,-1.591,-106.201,-233.887,174.011
0.880,-0.957,-1.602,-132.812,-223.938,168.884
0.864,-1.070,-1.688,-136.719,-212.585,170.166
0.787,-1.321,-1.770,-130.310,-198.914,175.598
0.691,-1.638,-1.855,-123.535,-180.603,179.687
0.666,-1.975,-1.935,-116.699,-156.921,176.575
0.652,-2.178,-1.995,-108.276,-130.371,166.077
0.615,-2.360,-1.924,-97.900,-102.966,152.954
0.472,-2.188,-1.792,-85.266,-78.003,137.878
0.501,-2.278,-1.638,-64.758,-67.932,117.676
0.597,-2.273,-1.808,-68.237,-52.246,82.275
0.670,-2.104,-2.112,-77.698,-38.391,45.044
0.679,-1.725,-2.186,-74.890,-33.325,20.081
0.411,-1.357,-2.117,-54.382,-40.588,14.587
0.378,-1.149,-2.165,-31.982,-33.569,9.033
0.440,-1.014,-2.266,-7.263,-19.714,3.906
0.433,-0.838,-2.356,18.677,-6.958,6.470
0.408,-0.691,-2.467,38.635,6.165,14.038
0.454,-0.635,-2.536,53.894,20.386,14.343
0.495,-0.520,-2.600,61.218,32.959,12.939
0.496,-0.380,-2.688,60.486,45.715,13.733
0.526,-0.277,-2.853,57.617,61.829,15.320
0.549,-0.151,-3.005,55.420,81.177,16.907
0.714,0.042,-3.293,60.364,106.934,18.616
0.841,0.063,-3.623,74.219,134.705,22.156
0.804,-0.091,-3.794,82.947,169.800,32.776
0.705,-0.266,-3.722,69.702,219.666,46.021
0.648,-0.386,-3.423,45.166,282.715,50.293
0.620,-0.448,-2.944,22.583,346.619,40.894
0.610,-0.432,-2.419,-1.160,402.527,23.499
0.601,-0.374,-1.895,-28.931,445.984,4.761
0.611,-0.295,-1.372,-60.120,474.976,-10.315
0.580,-0.214,-0.845,-90.027,488.403,-20.935
0.535,-0.138,-0.395,-117.554,488.281,-29.602
0.458,0.013,-0.082,-137.939,482.971,-35.706
0.344,0.154,0.089,-141.357,484.192,-37.476
0.532,0.181,0.307,-131.409,496.521,-41.443
0.781,0.143,0.759,-114.990,503.784,-38.818
0.858,0.064,1.356,-83.435,488.281,-25.635
0.924,-0.091,1.859,-44.983,432.922,-15.747
0.968,-0.253,2.120,-20.691,335.083,-4.333
0.903,-0.402,2.141,-22.949,207.947,21.667
0.836,-0.574,1.953,-48.584,81.787,54.382
0.868,-0.620,1.640,-72.083,-11.780,78.857
0.829,-0.654,1.237,-67.078,-69.519,92.773
0.885,-0.730,0.739,-30.945,-92.651,87.769
1.002,-0.714,0.324,33.203,-88.196,69.458
1.010,-0.722,0.043,114.136,-84.412,50.598
0.939,-0.752,-0.259,178.101,-89.111,30.823
0.873,-0.795,-0.558,207.825,-93.323,13.000
0.707,-0.762,-0.785,202.332,-93.506,0.549
0.515,-0.641,-0.934,171.875,-87.891,-6.958
0.399,-0.505,-0.974,134.827,-78.979,-14.038
0.296,-0.411,-0.943,100.647,-76.599,-19.470
0.226,-0.357,-0.889,71.960,-82.153,-22.339
0.141,-0.304,-0.892,48.096,-91.797,-23.071
0.014,-0.225,-1.002,30.579,-98.145,-21.545
-0.080,-0.196,-1.175,19.653,-89.294,-19.531
-0.102,-0.235,-1.318,14.648,-64.697,-18.738
-0.113,-0.273,-1.360,11.841,-39.734,-21.606
-0.175,-0.268,-1.312,5.798,-22.583,-27.344
-0.208,-0.257,-1.206,-4.211,-11.597,-33.020
-0.261,-0.241,-1.128,-19.348,-7.996,-35.339
-0.303,-0.231,-1.105,-36.865,-8.850,-34.241
-0.333,-0.240,-1.103,-50.659,-10.376,-31.067
-0.353,-0.271,-1.116,-59.143,-10.803,-25.452
-0.380,-0.319,-1.140,-61.646,-10.254,-19.958
-0.350,-0.353,-1.184,-56.824,-4.883,-16.052
-0.349,-0.410,-1.162,-46.936,1.770,-12.390
-0.322,-0.487,-1.129,-36.133,7.507,-9.583
-0.270,-0.594,-1.094,-25.452,12.512,-10.010
-0.249,-0.675,-1.060,-17.822,15.930,-14.038
-0.233,-0.707,-1.018,-14.648,18.433,-20.569
-0.192,-0.717,-0.968,-16.296,19.287,-26.611
-0.139,-0.748,-0.932,-19.836,17.944,-30.518
-0.103,-0.777,-0.926,-23.132,15.076,-33.936
-0.081,-0.764,-0.914,-25.635,12.024,-38.940
-0.064,-0.748,-0.885,-28.381,10.925,-44.067
-0.066,-0.748,-0.852,-33.508,10.986,-47.180
-0.121,-0.773,-0.802,-37.659,9.094,-48.340
-0.181,-0.779,-0.766,-40.771,6.348,-49.683
-0.212,-0.777,-0.742,-42.297,5.493,-53.345
-0.200,-0.802,-0.737,-41.504,6.531,-58.044
-1.020,0.240,-1.377,17.822,-13.672,-171.631
-1.006,0.310,-1.451,0.732,-10.132,-165.100
-1.002,0.369,-1.503,-10.742,-2.563,-159.058
-0.982,0.401,-1.505,-17.395,8.606,-152.344
-0.963,0.411,-1.453,-20.996,21.973,-144.714
-0.945,0.410,-1.379,-22.888,36.072,-136.780
-0.931,0.399,-1.280,-26.245,48.767,-129.150
-0.893,0.394,-1.168,-32.959,60.242,-121.704
-0.850,0.408,-1.044,-42.297,69.763,-113.403
-0.807,0.438,-0.934,-51.575,76.416,-104.553
-0.756,0.467,-0.838,-58.655,80.872,-95.032
-0.701,0.496,-0.745,-62.012,83.679,-84.106
-0.635,0.509,-0.646,-63.538,84.900,-71.960
-0.554,0.518,-0.559,-65.002,83.496,-58.594
-0.485,0.513,-0.507,-66.162,78.979,-44.312
-0.411,0.490,-0.469,-65.125,73.975,-30.029
-0.304,0.450,-0.421,-65.002,70.313,-15.991
-0.178,0.454,-0.395,-68.665,67.139,-2.197
-0.021,0.482,-0.360,-72.205,62.866,10.010
0.098,0.516,-0.292,-71.350,54.932,22.522
0.230,0.578,-0.235,-68.787,44.922,35.767
0.384,0.672,-0.190,-64.514,31.677,48.950
0.561,0.770,-0.120,-54.688,13.733,63.721
0.748,0.842,-0.030,-42.419,-7.446,82.092
0.912,0.876,0.072,-28.870,-34.668,104.919
1.093,0.870,0.168,-15.320,-70.496,130.615
1.262,0.840,0.254,-4.333,-120.667,159.363
1.411,0.785,0.311,1.160,-184.265,190.796
1.506,0.714,0.305,0.488,-254.089,223.267
1.583,0.653,0.241,-4.028,-322.510,250.488
1.697,0.604,0.156,-6.836,-378.052,270.813
1.792,0.448,0.066,-4.700,-420.044,287.537
1.735,0.089,-0.369,-2.441,-440.674,301.331
1.577,-0.298,-0.866,1.831,-415.588,297.852
1.306,-0.584,-1.170,12.695,-357.117,273.682
1.123,-0.765,-1.176,18.860,-291.016,248.230
1.087,-0.928,-1.070,13.489,-230.164,231.018
0.972,-1.033,-1.059,3.906,-190.979,215.759
0.895,-1.062,-1.089,-4.944,-175.720,195.068
0.843,-1.082,-1.137,-25.818,-179.138,179.260
0.769,-1.144,-1.303,-65.857,-189.575,180.054
0.603,-1.281,-1.555,-102.173,-197.327,187.378
0.336,-1.477,-1.845,-119.690,-193.726,186.646
0.193,-1.707,-2.089,-122.925,-172.363,177.734
0.093,-1.954,-2.237,-117.981,-135.315,168.091
0.072,-2.187,-2.166,-106.506,-91.003,156.006
0.128,-2.331,-1.991,-95.337,-49.988,139.160
0.185,-2.385,-1.813,-83.435,-22.522,118.469
0.266,-2.287,-1.755,-69.702,-12.634,97.046
0.114,-2.246,-1.470,-54.016,-18.860,82.886
0.053,-2.165,-1.684,-52.673,-26.672,56.702
0.026,-1.942,-1.865,-55.115,-25.269,34.363
-0.034,-1.639,-1.952,-46.143,-25.024,22.095
-0.058,-1.352,-1.977,-24.658,-21.240,12.512
-0.047,-1.189,-1.992,4.700,-19.409,3.601
-0.039,-1.047,-2.066,31.189,-17.212,1.526
-0.066,-0.921,-2.182,54.260,-10.620,4.639
-0.032,-0.817,-2.265,76.477,1.831,4.395
0.056,-0.700,-2.313,95.825,13.916,-0.183
0.108,-0.549,-2.374,109.619,20.325,-3.296
0.115,-0.394,-2.471,114.990,23.682,-2.930
0.103,-0.260,-2.598,115.295,28.992,-0.244
0.083,-0.153,-2.740,114.990,39.185,4.211
0.075,-0.069,-2.843,116.150,55.420,9.521
0.091,-0.015,-2.901,117.493,75.500,15.869
0.108,-0.010,-2.913,116.150,94.971,22.949
0.098,-0.032,-2.891,107.300,114.014,29.602
0.132,-0.041,-2.920,90.942,134.888,34.119
0.094,-0.057,-2.854,71.960,157.654,36.011
0.041,-0.116,-2.758,56.946,188.110,36.743
0.004,-0.168,-2.554,40.344,226.929,36.316
-0.014,-0.168,-2.322,20.935,268.921,33.142
-0.002,-0.162,-2.063,6.165,310.486,25.696
-0.017,-0.138,-1.750,-4.028,348.572,17.456
-0.001,-0.093,-1.402,-12.817,380.737,9.888
0.116,-0.017,-0.987,-24.902,406.616,3.113
0.219,0.079,-0.595,-42.480,420.593,2.563
0.157,0.163,-0.296,-59.570,422.485,12.329
0.125,0.231,-0.100,-65.796,425.354,26.245
0.255,0.215,0.123,-49.988,435.974,37.903
0.490,0.079,0.421,-15.686,443.237,45.715
0.721,-0.140,0.789,18.250,431.885,54.077
0.919,-0.360,1.106,34.119,390.564,62.195
1.000,-0.563,1.331,26.306,316.284,69.641
1.055,-0.672,1.376,-5.615,225.647,75.806
1.076,-0.691,1.329,-32.227,140.381,80.322
1.138,-0.783,1.232,-32.532,69.397,84.656
1.211,-0.880,1.032,-15.259,13.245,87.646
1.266,-1.013,0.707,14.526,-24.109,87.280
1.319,-1.156,0.421,61.523,-48.950,75.073
1.223,-1.130,0.099,112.488,-73.669,49.927
1.027,-1.044,-0.219,155.884,-92.773,21.423
0.850,-0.934,-0.493,182.312,-102.295,-7.446
0.660,-0.759,-0.721,184.082,-103.699,-32.532
0.454,-0.560,-0.868,162.415,-98.755,-48.828
0.232,-0.363,-0.979,123.962,-87.769,-53.284
0.032,-0.200,-1.103,81.177,-71.289,-49.805
-0.086,-0.103,-1.215,45.715,-51.819,-43.945
-0.220,-0.044,-1.272,19.348,-34.912,-38.269
-0.334,-0.004,-1.272,0.305,-20.874,-34.302
-0.391,-0.013,-1.228,-15.442,-9.766,-31.189
-0.432,-0.046,-1.204,-33.142,-3.967,-26.489
-0.457,-0.058,-1.202,-50.598,-1.221,-22.278
-0.472,-0.068,-1.186,-63.599,2.014,-18.494
-0.504,-0.113,-1.152,-70.313,6.287,-12.146
-0.547,-0.181,-1.110,-71.350,11.230,-5.676
-0.545,-0.289,-1.027,-68.665,17.761,-1.831
-0.528,-0.395,-0.922,-65.186,22.766,0.610
-0.512,-0.469,-0.841,-61.401,22.400,0.183
-0.504,-0.521,-0.789,-56.030,17.273,-2.747
-0.505,-0.537,-0.796,-49.011,9.949,-6.104
-0.475,-0.544,-0.814,-37.476,3.845,-10.315
-0.438,-0.554,-0.834,-25.269,-1.892,-12.573
-0.400,-0.571,-0.850,-14.648,-7.202,-13.245
-0.353,-0.597,-0.868,-8.057,-12.878,-13.733
-0.348,-0.631,-0.891,-5.371,-19.348,-14.343
-0.356,-0.657,-0.918,-7.385,-25.452,-15.625
-0.374,-0.665,-0.956,-12.634,-29.358,-16.724
-0.379,-0.696,-0.953,-17.761,-29.724,-18.555
-0.845,-0.155,-1.615,32.349,-6.592,-125.183
-0.767,-0.136,-1.650,24.048,7.202,-125.671
-0.813,-0.131,-1.658,15.625,17.639,-121.704
-0.825,-0.102,-1.707,11.169,28.931,-117.859
-0.782,-0.125,-1.661,15.381,44.495,-116.699
-0.788,-0.112,-1.618,14.160,57.983,-116.211
-0.805,-0.089,-1.549,8.362,70.068,-116.760
-0.797,-0.071,-1.439,-0.305,81.604,-116.943
-0.790,-0.044,-1.319,-10.925,91.248,-115.479
-0.773,0.007,-1.244,-22.156,99.426,-113.403
-0.700,0.078,-1.168,-28.625,109.070,-112.976
-0.665,0.154,-1.089,-28.809,118.408,-111.084
-0.642,0.217,-1.011,-23.987,126.526,-106.567
-0.580,0.256,-0.911,-16.541,135.254,-99.976
-0.474,0.270,-0.773,-10.193,142.090,-91.797
-0.391,0.276,-0.641,-10.498,141.663,-80.444
-0.315,0.296,-0.535,-18.921,133.545,-65.979
-0.223,0.332,-0.446,-34.424,122.620,-50.354
-0.126,0.392,-0.365,-51.392,112.305,-34.363
-0.008,0.468,-0.294,-61.768,101.013,-18.738
0.110,0.552,-0.237,-62.866,88.013,-3.784
0.241,0.630,-0.195,-54.382,74.890,10.071
0.381,0.710,-0.137,-38.879,61.523,23.682
0.534,0.800,-0.072,-21.851,45.715,38.025
0.676,0.852,-0.024,-5.127,24.048,55.542
0.791,0.863,0.016,8.118,-3.723,78.674
0.892,0.862,0.041,13.733,-34.668,103.760
0.989,0.849,0.072,13.306,-66.528,127.991
1.074,0.810,0.114,11.414,-100.769,151.550
1.138,0.772,0.148,7.690,-139.709,174.988
1.169,0.749,0.187,2.869,-182.495,197.632
1.208,0.729,0.198,1.587,-225.891,218.689
1.262,0.674,0.166,4.639,-268.433,239.258
1.285,0.608,0.083,10.010,-307.129,258.179
1.262,0.541,-0.018,16.113,-336.182,277.649
1.264,0.397,-0.192,23.132,-352.112,299.316
1.212,0.166,-0.385,33.203,-355.774,320.129
1.184,-0.205,-0.647,40.588,-341.125,326.660
1.039,-0.626,-1.026,42.847,-309.753,312.683
0.896,-0.914,-1.347,37.537,-269.775,277.527
0.751,-1.070,-1.484,21.301,-225.159,234.436
0.688,-1.116,-1.545,-4.944,-184.937,202.942
0.657,-1.141,-1.542,-36.621,-155.396,190.186
0.602,-1.244,-1.594,-59.021,-143.250,190.613
0.590,-1.472,-1.713,-65.002,-142.090,195.923
0.577,-1.782,-1.906,-58.838,-144.897,201.111
0.499,-2.122,-2.106,-47.119,-144.226,199.036
0.396,-2.437,-2.300,-35.645,-136.658,186.890
0.328,-2.633,-2.422,-31.006,-120.728,165.588
0.265,-2.710,-2.416,-33.997,-98.083,138.977
0.149,-2.575,-2.360,-38.147,-72.021,109.436
0.182,-2.511,-2.130,-32.715,-51.025,80.627
0.110,-2.348,-2.169,-33.325,-32.715,49.072
0.084,-2.087,-2.159,-35.706,-11.597,19.592
0.032,-1.767,-2.056,-32.227,-3.174,-2.563
-0.081,-1.445,-1.937,-23.010,-2.502,-16.418
-0.166,-1.168,-1.899,-7.996,-5.127,-25.940
-0.220,-0.901,-1.989,9.705,-5.066,-31.677
-0.253,-0.687,-2.156,32.593,-2.075,-34.668
-0.264,-0.545,-2.287,56.152,6.287,-36.011
-0.261,-0.421,-2.353,72.205,19.653,-34.241
-0.258,-0.310,-2.392,81.299,34.851,-31.433
-0.254,-0.232,-2.417,86.853,50.720,-28.442
-0.236,-0.172,-2.439,88.318,68.115,-25.208
-0.280,-0.107,-2.502,87.830,85.327,-21.667
-0.316,0.003,-2.614,87.402,102.051,-19.775
-0.365,0.085,-2.697,87.952,118.225,-17.700
-0.392,0.146,-2.742,84.534,136.658,-10.498
-0.387,0.184,-2.749,77.393,159.851,-0.793
-0.395,0.186,-2.731,71.533,186.340,9.094
-0.374,0.150,-2.629,67.505,216.248,17.883
-0.348,0.153,-2.477,60.913,248.291,26.917
-0.349,0.135,-2.293,53.711,277.283,34.912
-0.311,0.085,-2.064,43.396,303.711,40.344
-0.241,0.075,-1.841,24.170,329.224,44.067
-0.142,0.123,-1.610,1.038,351.318,44.617
-0.040,0.168,-1.323,-19.958,368.652,44.617
0.064,0.187,-0.971,-39.246,381.653,48.950
0.129,0.185,-0.598,-53.589,390.015,59.875
0.232,0.140,-0.273,-62.073,393.311,71.106
0.374,0.066,0.021,-66.650,393.921,79.651
0.494,-0.008,0.275,-71.228,388.550,89.294
0.620,-0.105,0.518,-76.965,372.620,99.609
0.741,-0.231,0.697,-84.229,344.055,109.680
0.913,-0.431,0.894,-88.318,305.176,117.615
1.035,-0.646,1.072,-88.257,252.014,120.544
1.039,-0.823,1.154,-86.609,184.570,117.249
1.074,-1.001,1.135,-76.599,114.197,106.750
1.114,-1.119,0.992,-52.856,51.208,91.980
1.138,-1.184,0.712,-11.108,-1.221,80.322
1.133,-1.248,0.343,43.579,-43.274,63.782
1.090,-1.257,-0.132,97.473,-71.411,36.865
1.022,-1.189,-0.526,141.907,-78.430,6.470
0.890,-1.064,-0.727,167.419,-71.045,-22.644
0.681,-0.885,-0.778,167.969,-60.852,-43.213
0.491,-0.671,-0.761,147.827,-54.382,-56.030
0.286,-0.461,-0.736,119.690,-57.373,-62.317
0.111,-0.268,-0.722,96.008,-67.749,-65.125
-0.057,-0.120,-0.728,80.200,-79.590,-63.049
-0.240,0.015,-0.807,68.176,-86.121,-55.725
-0.356,0.126,-0.946,58.838,-81.482,-46.692
-0.420,0.135,-1.053,51.208,-66.833,-37.109
-0.446,0.079,-1.104,36.804,-50.598,-27.893
-0.459,0.014,-1.124,13.977,-37.231,-20.325
-0.486,-0.036,-1.136,-10.132,-26.733,-15.747
-0.518,-0.059,-1.127,-29.480,-18.555,-14.343
-0.529,-0.089,-1.083,-40.405,-9.277,-12.817
-0.513,-0.142,-1.009,-43.823,-1.587,-9.583
-0.500,-0.217,-0.948,-42.542,2.014,-5.920
-0.486,-0.267,-0.921,-40.466,0.732,-3.784
-0.493,-0.311,-0.914,-38.635,-2.197,-1.404
-0.485,-0.374,-0.892,-36.377,-5.127,1.160
-0.467,-0.430,-0.854,-34.668,-8.972,1.770
-0.454,-0.466,-0.810,-32.837,-15.747,1.221
-0.446,-0.492,-0.790,-30.151,-23.010,0.977
-0.434,-0.502,-0.799,-26.794,-29.785,1.038
-0.418,-0.516,-0.824,-21.912,-34.729,0.244
-0.362,-0.539,-0.837,-15.991,-36.865,-2.258
-0.295,-0.570,-0.840,-10.376,-36.743,-5.127
-0.730,-0.371,-1.433,41.626,-32.043,-150.146
-0.724,-0.289,-1.471,35.583,-20.386,-151.123
-0.702,-0.224,-1.511,28.564,-9.766,-150.818
-0.684,-0.165,-1.576,24.963,1.221,-150.757
-0.685,-0.103,-1.623,24.597,14.526,-151.123
-0.681,-0.056,-1.624,20.752,30.334,-149.597
-0.683,-0.037,-1.591,12.512,47.302,-146.179
-0.690,-0.018,-1.526,2.625,64.270,-143.555
-0.678,0.003,-1.420,-8.728,80.017,-142.151
-0.659,0.025,-1.282,-23.560,91.919,-139.160
-0.647,0.047,-1.161,-41.748,101.257,-134.216
-0.596,0.114,-1.040,-60.425,110.107,-130.127
-0.555,0.180,-0.890,-77.637,116.638,-126.404
-0.512,0.265,-0.745,-93.689,121.094,-119.690
-0.476,0.363,-0.667,-104.004,122.375,-109.985
-0.421,0.427,-0.604,-100.464,120.483,-98.511
-0.341,0.450,-0.541,-85.815,117.432,-85.876
-0.279,0.430,-0.490,-65.735,112.061,-71.655
-0.200,0.393,-0.438,-47.424,104.492,-57.251
-0.120,0.363,-0.383,-37.781,93.933,-43.335
-0.050,0.362,-0.335,-37.903,80.505,-29.358
0.081,0.450,-0.274,-45.715,66.528,-14.832
0.227,0.543,-0.224,-55.054,51.392,-0.793
0.332,0.671,-0.168,-60.608,32.471,17.151
0.454,0.788,-0.102,-60.669,10.254,38.574
0.578,0.847,-0.040,-55.054,-14.709,64.026
0.678,0.841,-0.003,-46.631,-44.556,94.116
0.802,0.815,-0.007,-40.710,-78.064,125.916
0.924,0.805,-0.019,-35.400,-113.342,157.227
1.023,0.785,-0.037,-26.855,-149.597,186.523
1.069,0.753,-0.053,-13.428,-186.401,214.294
1.103,0.689,-0.076,2.258,-219.910,238.831
1.148,0.649,-0.149,14.160,-245.056,258.301
1.187,0.551,-0.270,25.757,-264.282,273.132
1.169,0.395,-0.440,37.354,-274.353,282.104
1.173,0.200,-0.623,43.518,-265.808,285.217
1.146,-0.059,-0.780,47.058,-244.019,283.875
1.037,-0.287,-0.883,45.837,-217.712,277.710
0.963,-0.441,-0.934,36.499,-188.965,267.456
0.904,-0.554,-0.946,23.865,-163.940,255.615
0.845,-0.695,-0.925,8.240,-148.682,248.047
0.693,-0.766,-0.954,-11.658,-143.127,248.230
0.702,-0.939,-1.013,-31.738,-144.836,249.329
0.703,-1.224,-1.130,-46.875,-148.743,251.892
0.636,-1.643,-1.309,-57.983,-152.344,253.235
0.545,-2.009,-1.517,-67.322,-148.254,246.521
0.460,-2.366,-1.639,-72.083,-135.376,229.736
0.392,-2.581,-1.690,-74.768,-114.624,203.125
0.328,-2.606,-1.706,-72.266,-88.440,173.401
0.637,-2.516,-1.780,-58.838,-65.430,144.714
0.196,-2.348,-1.390,-30.029,-54.688,131.958
0.128,-2.472,-1.672,-15.015,-48.706,104.980
0.343,-2.337,-1.787,-15.320,-26.855,68.359
0.145,-2.073,-1.731,-12.024,-30.884,53.467
0.013,-1.859,-1.709,-15.015,-33.325,46.753
0.018,-1.737,-1.744,-11.169,-28.992,31.860
-0.011,-1.577,-1.783,-0.183,-27.710,16.846
-0.085,-1.379,-1.879,12.329,-23.376,10.071
-0.105,-1.259,-1.962,28.687,-9.827,8.362
-0.085,-1.221,-1.998,49.561,5.432,3.784
-0.084,-1.157,-2.024,67.200,19.531,-2.258
-0.094,-1.069,-2.048,76.172,32.166,-7.324
-0.104,-0.984,-2.063,78.857,43.884,-12.207
-0.095,-0.888,-2.073,77.881,54.871,-17.151
-0.091,-0.777,-2.093,76.477,65.796,-21.790
-0.108,-0.690,-2.102,76.233,75.928,-25.391
-0.134,-0.637,-2.086,73.975,85.876,-26.978
-0.150,-0.599,-2.067,68.970,96.680,-27.344
-0.176,-0.565,-2.042,62.317,107.178,-28.503
-0.193,-0.483,-2.066,54.871,116.577,-30.029
-0.199,-0.383,-2.151,54.321,124.695,-31.372
-0.218,-0.309,-2.250,61.340,132.874,-30.273
-0.251,-0.260,-2.351,67.505,144.531,-24.048
-0.260,-0.234,-2.458,69.946,162.964,-15.442
-0.286,-0.236,-2.538,71.960,188.904,-8.789
-0.290,-0.258,-2.484,73.669,221.191,-4.761
-0.282,-0.240,-2.340,68.909,255.615,-1.648
-0.260,-0.212,-2.194,61.279,287.170,0.061
-0.213,-0.203,-1.984,54.138,313.721,-2.075
-0.136,-0.157,-1.721,38.696,335.937,-4.333
-0.062,-0.082,-1.454,13.550,352.600,-5.676
-0.009,0.015,-1.194,-16.052,363.708,-5.615
0.070,0.154,-0.937,-45.959,374.451,-2.747
0.184,0.258,-0.653,-63.599,388.306,4.883
0.321,0.282,-0.353,-65.796,402.771,17.151
0.545,0.236,0.012,-56.335,414.612,31.311
0.793,0.049,0.431,-37.048,416.809,44.556
0.950,-0.219,0.836,-18.433,391.235,53.955
1.011,-0.392,1.080,-22.766,336.243,59.509
1.053,-0.441,1.185,-47.363,265.869,65.308
1.196,-0.513,1.242,-71.716,197.693,77.148
1.337,-0.708,1.292,-85.754,133.240,92.346
1.379,-0.889,1.253,-84.106,69.031,99.365
1.348,-1.039,1.073,-52.185,8.545,89.478
1.298,-1.082,0.709,10.742,-42.786,61.890
1.173,-1.065,0.204,92.834,-80.872,25.330
1.034,-1.021,-0.301,168.274,-99.731,-11.780
0.832,-0.930,-0.706,207.947,-100.098,-38.757
0.622,-0.796,-0.924,204.163,-89.050,-55.847
0.424,-0.627,-0.998,164.429,-74.829,-62.134
0.222,-0.449,-1.008,110.779,-65.063,-59.387
0.015,-0.306,-1.005,65.186,-60.486,-52.795
-0.134,-0.204,-0.995,35.217,-57.739,-46.448
-0.260,-0.147,-0.968,20.142,-55.176,-40.833
-0.353,-0.124,-0.946,13.062,-51.514,-35.095
-0.407,-0.121,-0.935,8.789,-47.241,-28.687
-0.466,-0.125,-0.971,4.639,-40.771,-22.156
-0.504,-0.146,-1.002,1.648,-31.189,-17.883
-0.511,-0.184,-1.011,-2.075,-19.043,-15.198
-0.537,-0.251,-0.993,-10.437,-9.094,-13.489
-0.568,-0.300,-0.959,-25.574,-2.991,-12.024
-0.606,-0.304,-0.923,-43.701,0.549,-10.864
-0.630,-0.307,-0.880,-56.458,2.258,-9.277
-0.637,-0.324,-0.844,-60.669,2.075,-7.080
-0.612,-0.350,-0.831,-57.861,0.000,-4.761
-0.580,-0.390,-0.854,-49.927,-3.235,-2.930
-0.542,-0.420,-0.904,-38.452,-5.493,-1.221
-0.489,-0.463,-0.938,-24.902,-5.371,0.366
-0.470,-0.524,-0.969,-13.123,-5.188,1.892
-0.812,-0.318,-1.502,-10.803,-106.506,-139.832
-0.817,-0.238,-1.668,-7.446,-89.417,-142.578
-0.820,-0.180,-1.786,-0.732,-65.735,-143.555
-0.822,-0.173,-1.844,5.859,-38.025,-140.015
-0.818,-0.183,-1.847,10.620,-9.521,-135.071
-0.796,-0.207,-1.784,12.817,15.991,-132.507
-0.776,-0.225,-1.707,8.240,36.194,-132.812
-0.748,-0.204,-1.654,-2.136,50.903,-135.376
-0.696,-0.162,-1.592,-17.395,65.002,-137.390
-0.649,-0.130,-1.493,-36.621,79.590,-135.681
-0.573,-0.097,-1.359,-54.199,92.712,-132.324
-0.513,-0.055,-1.212,-72.205,101.135,-128.662
-0.470,-0.001,-1.068,-88.867,106.079,-124.756
-0.412,0.051,-0.927,-103.821,109.558,-119.934
-0.336,0.151,-0.783,-119.385,111.877,-113.525
-0.240,0.260,-0.661,-133.484,111.816,-107.178
-0.170,0.349,-0.550,-140.198,108.154,-99.487
-0.097,0.398,-0.463,-139.587,101.868,-88.379
0.010,0.432,-0.404,-135.254,95.337,-75.195
0.125,0.476,-0.361,-127.930,86.670,-61.707
0.230,0.539,-0.329,-118.347,74.341,-48.584
0.336,0.619,-0.300,-110.718,60.425,-35.156
0.431,0.706,-0.247,-107.605,46.143,-19.653
0.499,0.798,-0.183,-108.643,31.555,-0.732
0.551,0.877,-0.094,-108.826,17.395,21.851
0.596,0.952,-0.063,-104.187,3.967,46.387
0.658,1.008,0.013,-86.426,-14.832,70.496
0.733,1.000,0.091,-55.847,-41.504,94.116
0.786,0.988,0.092,-23.193,-75.378,120.239
0.838,0.965,0.071,9.888,-116.638,147.705
0.885,0.915,0.047,40.710,-160.095,176.331
0.960,0.840,-0.008,61.523,-203.552,206.726
1.024,0.708,-0.101,68.726,-243.652,235.840
1.095,0.510,-0.195,61.646,-275.391,259.277
1.190,0.238,-0.354,42.603,-292.786,276.672
1.111,-0.002,-0.564,17.456,-293.457,288.330
1.005,-0.182,-0.764,0.916,-275.391,290.771
0.889,-0.371,-0.939,2.319,-242.737,283.508
0.765,-0.537,-1.088,14.221,-200.806,269.287
0.730,-0.694,-1.201,26.733,-153.564,252.441
0.654,-0.863,-1.253,36.865,-112.854,240.295
0.579,-1.041,-1.271,38.635,-83.984,233.215
0.559,-1.265,-1.243,28.259,-68.726,228.760
0.554,-1.524,-1.227,6.226,-67.505,226.685
0.569,-1.773,-1.253,-23.560,-77.148,220.276
0.595,-1.969,-1.358,-51.208,-90.759,209.839
0.521,-2.170,-1.433,-73.792,-103.455,197.876
0.426,-2.255,-1.561,-92.224,-108.704,183.655
0.311,-2.302,-1.697,-96.558,-99.304,166.260
0.185,-2.270,-1.818,-85.510,-81.787,146.057
0.153,-2.234,-1.841,-62.805,-60.547,126.343
0.004,-2.112,-1.710,-34.058,-43.030,112.732
-0.036,-2.291,-1.846,-17.029,-34.119,91.431
0.208,-2.173,-2.002,-18.250,-12.939,60.364
-0.027,-1.958,-2.004,-12.878,-13.062,49.866
-0.100,-1.799,-2.006,-6.958,-10.620,41.748
-0.100,-1.676,-2.016,6.287,-4.028,27.771
-0.157,-1.486,-2.060,26.306,-0.732,17.395
-0.225,-1.313,-2.167,48.523,6.836,12.634
-0.234,-1.200,-2.286,71.106,22.034,8.362
-0.218,-1.082,-2.362,91.309,40.955,1.709
-0.192,-0.976,-2.377,105.591,60.364,-3.784
-0.188,-0.893,-2.347,109.619,79.102,-6.226
-0.199,-0.799,-2.323,104.065,96.619,-8.179
-0.223,-0.737,-2.268,93.933,112.671,-12.329
-0.258,-0.670,-2.192,79.773,127.380,-16.235
-0.272,-0.566,-2.131,63.965,141.052,-19.592
-0.284,-0.448,-2.113,53.833,151.245,-22.705
-0.300,-0.334,-2.163,50.354,159.668,-23.132
-0.305,-0.274,-2.255,52.429,170.959,-20.691
-0.302,-0.263,-2.334,55.725,189.575,-15.320
-0.267,-0.269,-2.329,56.580,217.041,-9.399
-0.235,-0.292,-2.198,52.246,248.779,-4.883
-0.229,-0.302,-2.026,39.856,280.212,-2.686
-0.247,-0.270,-1.857,21.973,310.425,-5.310
-0.201,-0.201,-1.608,1.587,339.783,-12.817
-0.179,-0.108,-1.325,-19.409,367.065,-16.785
-0.086,0.003,-1.023,-34.668,390.564,-17.578
0.088,0.097,-0.655,-41.687,409.973,-14.709
0.159,0.136,-0.258,-44.312,418.518,-2.808
0.175,0.117,0.046,-47.546,415.466,14.038
0.264,0.056,0.291,-49.377,404.480,28.503
0.404,-0.017,0.538,-52.490,389.282,37.903
0.509,-0.095,0.775,-56.213,368.591,42.664
0.647,-0.177,0.972,-58.167,339.722,45.532
0.771,-0.331,1.138,-55.969,299.744,52.490
0.875,-0.580,1.277,-50.659,245.972,60.852
0.996,-0.671,1.248,-49.316,179.871,62.195
1.001,-0.752,1.106,-39.490,106.873,68.726
1.010,-0.832,0.846,-16.663,35.706,77.637
1.037,-0.978,0.472,18.250,-21.973,76.355
1.090,-1.099,0.085,64.331,-58.899,62.622
1.040,-1.151,-0.252,111.084,-82.825,39.673
0.905,-1.118,-0.544,142.517,-97.656,10.254
0.753,-1.002,-0.767,150.452,-103.699,-19.104
0.594,-0.839,-0.842,137.634,-102.295,-40.771
0.377,-0.650,-0.819,112.732,-98.450,-49.927
0.150,-0.457,-0.778,86.365,-91.675,-49.561
-0.050,-0.276,-0.804,67.566,-82.214,-42.358
-0.204,-0.181,-0.879,58.777,-68.176,-32.104
-0.278,-0.202,-0.926,53.528,-50.842,-23.865
-0.347,-0.246,-0.928,41.321,-38.940,-19.897
-0.405,-0.257,-0.946,19.104,-34.729,-17.883
-0.457,-0.260,-0.952,-6.042,-33.875,-15.137
-0.518,-0.280,-0.958,-27.649,-32.349,-10.620
-0.578,-0.289,-0.978,-42.053,-27.649,-7.507
-0.622,-0.275,-0.983,-48.035,-20.081,-7.019
-0.660,-0.277,-0.956,-45.715,-11.475,-5.493
-0.688,-0.306,-0.929,-39.001,-4.395,-2.258
-0.694,-0.356,-0.908,-30.884,0.244,1.709
-0.657,-0.423,-0.875,-21.667,3.235,4.333
-0.626,-0.493,-0.841,-13.855,2.563,5.737
-0.603,-0.539,-0.816,-9.766,-1.587,6.226
-0.566,-0.582,-0.798,-7.996,-7.507,5.859
-0.520,-0.631,-0.808,-7.690,-14.099,5.249
-0.477,-0.670,-0.821,-7.629,-19.470,4.028
-0.446,-0.688,-0.829,-8.423,-22.095,1.953
-0.442,-0.698,-0.833,-10.010,-23.743,-0.549
-0.433,-0.712,-0.849,-9.949,-24.414,-3.113
-0.837,-0.622,-1.403,19.348,-121.033,-122.070
-0.815,-0.627,-1.537,24.963,-96.497,-128.357
-0.832,-0.583,-1.640,22.949,-69.153,-131.897
-0.814,-0.532,-1.655,21.179,-40.833,-136.108
-0.778,-0.461,-1.632,20.142,-15.137,-139.099
-0.778,-0.428,-1.585,20.081,3.174,-137.878
-0.752,-0.435,-1.560,18.372,16.907,-135.254
-0.715,-0.430,-1.541,13.733,27.954,-133.362
-0.688,-0.413,-1.514,7.568,36.438,-131.958
-0.669,-0.418,-1.499,-0.732,44.556,-130.981
-0.624,-0.419,-1.458,-11.902,55.908,-130.920
-0.571,-0.395,-1.385,-27.588,70.068,-131.226
-0.529,-0.347,-1.263,-44.556,84.351,-132.080
-0.485,-0.275,-1.104,-61.096,96.252,-132.812
-0.440,-0.167,-0.951,-77.148,103.455,-132.324
-0.398,-0.021,-0.838,-89.539,105.408,-130.493
-0.368,0.100,-0.733,-92.163,103.333,-126.709
-0.339,0.203,-0.648,-87.524,98.999,-117.859
-0.285,0.302,-0.574,-81.970,94.788,-106.750
-0.210,0.380,-0.497,-77.087,90.271,-95.764
-0.120,0.475,-0.418,-74.341,85.632,-83.191
-0.012,0.599,-0.344,-74.036,81.177,-70.313
0.112,0.756,-0.261,-74.951,74.402,-56.580
0.246,0.919,-0.157,-76.782,64.270,-40.283
0.339,1.064,-0.032,-78.857,48.950,-17.090
0.450,1.187,0.087,-81.909,29.175,14.465
0.596,1.280,0.213,-81.482,-0.061,53.223
0.746,1.339,0.303,-74.829,-44.983,97.900
0.910,1.380,0.299,-61.462,-102.417,146.790
1.082,1.335,0.228,-42.175,-166.443,199.646
1.245,1.241,0.114,-21.240,-230.835,248.901
1.394,1.126,-0.048,-7.629,-286.987,291.260
1.474,0.976,-0.245,-1.709,-331.299,326.477
1.539,0.782,-0.436,1.282,-354.858,352.234
1.602,0.329,-0.610,0.305,-355.103,369.446
1.513,-0.186,-0.964,-5.432,-325.012,370.972
1.291,-0.545,-1.271,-1.465,-266.907,349.548
1.112,-0.799,-1.385,13.855,-193.970,311.462
1.125,-1.003,-1.338,23.987,-119.141,276.184
1.112,-1.138,-1.174,22.888,-59.509,255.493
1.101,-1.332,-0.999,19.653,-26.611,243.286
1.102,-1.509,-0.896,9.705,-23.621,234.009
1.034,-1.753,-0.875,-12.207,-41.077,230.286
0.888,-2.062,-0.943,-45.410,-63.293,229.614
0.738,-2.319,-1.041,-83.008,-78.186,222.656
0.597,-2.500,-1.139,-114.441,-81.116,206.177
0.455,-2.549,-1.226,-134.583,-71.472,182.983
0.323,-2.454,-1.256,-140.015,-48.828,159.363
0.249,-2.332,-1.174,-124.512,-20.447,140.259
0.240,-2.226,-1.063,-94.666,3.113,123.413
0.219,-2.169,-0.997,-63.232,12.024,111.145
0.096,-2.091,-0.928,-41.931,7.751,103.760
0.008,-2.232,-1.001,-35.767,-4.639,91.797
0.091,-2.136,-1.151,-44.678,-5.859,70.984
-0.120,-1.983,-1.180,-45.410,-13.855,59.204
-0.178,-1.833,-1.178,-38.025,-13.550,48.523
-0.177,-1.728,-1.172,-18.921,-9.399,34.912
-0.202,-1.609,-1.206,4.456,-8.972,26.184
-0.240,-1.502,-1.301,28.442,-8.301,22.827
-0.220,-1.444,-1.422,52.002,-4.700,19.836
-0.220,-1.429,-1.514,71.289,-1.099,15.625
-0.194,-1.397,-1.573,81.970,4.395,11.414
-0.151,-1.355,-1.637,86.548,11.658,6.348
-0.143,-1.327,-1.725,90.881,19.653,-0.671
-0.141,-1.285,-1.798,95.337,29.724,-10.132
-0.105,-1.207,-1.847,96.069,42.969,-20.447
-0.074,-1.128,-1.889,95.764,55.603,-28.015
-0.073,-1.077,-1.913,96.619,66.284,-32.104
-0.075,-1.035,-1.940,96.191,77.454,-34.424
-0.079,-1.018,-1.976,93.994,88.257,-37.415
-0.066,-1.005,-2.036,89.783,99.243,-40.466
-0.064,-0.990,-2.118,84.534,112.305,-44.312
-0.097,-0.967,-2.168,78.735,127.258,-48.157
-0.110,-0.913,-2.174,71.655,146.667,-51.514
-0.114,-0.851,-2.148,66.345,167.908,-55.542
-0.148,-0.815,-2.096,62.622,187.500,-58.533
-0.191,-0.757,-2.039,55.908,205.994,-59.692
-0.230,-0.654,-2.057,46.692,226.929,-61.890
-0.272,-0.554,-2.063,45.166,251.892,-68.726
-0.301,-0.467,-1.981,49.805,282.959,-76.233
-0.267,-0.355,-1.789,51.758,316.467,-80.444
-0.174,-0.228,-1.529,49.622,346.558,-81.421
-0.136,-0.090,-1.237,41.626,369.385,-78.247
-0.080,0.077,-0.945,28.137,386.475,-72.388
0.002,0.266,-0.619,14.404,398.743,-66.223
0.087,0.424,-0.315,1.221,407.166,-57.129
0.259,0.542,-0.051,-6.897,408.875,-42.847
0.481,0.480,0.197,-10.925,406.738,-21.851
0.840,0.128,0.575,-11.169,397.827,-3.601
1.150,-0.203,1.012,-21.118,364.685,7.568
1.325,-0.299,1.354,-41.687,302.124,19.897
1.444,-0.358,1.524,-44.434,221.619,34.546
1.563,-0.483,1.532,-10.376,141.235,46.997
1.585,-0.700,1.354,57.800,67.810,51.636
1.560,-1.057,1.062,132.629,6.165,41.809
1.423,-1.275,0.639,176.331,-42.542,20.386
1.272,-1.177,0.105,177.490,-76.294,-7.874
1.041,-0.954,-0.265,155.212,-88.928,-27.649
0.720,-0.615,-0.546,130.432,-84.167,-35.522
0.447,-0.305,-0.739,114.746,-73.242,-43.030
0.164,-0.089,-0.902,105.286,-66.833,-47.302
-0.087,-0.003,-1.013,93.994,-63.660,-44.006
-0.277,-0.003,-1.065,74.219,-60.974,-33.997
-0.438,-0.001,-1.098,44.250,-58.594,-22.400
-0.540,0.009,-1.123,11.658,-52.856,-12.268
-0.552,-0.015,-1.094,-13.489,-44.373,-3.113
-0.578,-0.053,-1.032,-30.640,-38.818,6.348
-0.622,-0.082,-1.005,-43.762,-35.828,15.869
-0.627,-0.171,-0.992,-52.246,-31.372,24.414
-0.632,-0.289,-0.988,-56.335,-25.146,29.907
-0.638,-0.370,-0.985,-56.396,-17.029,30.701
-0.649,-0.432,-0.973,-50.598,-9.399,28.137
-0.642,-0.495,-0.948,-42.908,-3.784,24.231
-0.638,-0.557,-0.941,-36.682,-0.793,22.156
-0.619,-0.614,-0.946,-32.776,-0.549,21.301
-0.591,-0.676,-0.951,-29.541,-1.404,20.813
-0.566,-0.727,-0.955,-26.428,-2.319,21.423
-0.558,-0.768,-0.960,-23.254,-3.601,21.851
-0.544,-0.804,-0.962,-19.531,-5.371,21.301
-0.879,-0.325,-1.322,-32.349,-41.809,-148.071
-0.841,-0.297,-1.338,-36.804,-23.743,-149.170
-0.791,-0.232,-1.324,-44.006,-7.507,-149.414
-0.795,-0.108,-1.327,-48.157,3.235,-147.339
-0.838,-0.067,-1.313,-46.448,10.925,-138.977
-0.802,-0.053,-1.300,-41.626,17.029,-130.310
-0.782,-0.050,-1.283,-38.330,17.029,-125.549
-0.769,-0.061,-1.284,-40.527,16.418,-119.507
-0.727,-0.056,-1.265,-49.500,18.677,-113.342
-0.693,-0.056,-1.207,-59.998,21.851,-106.995
-0.644,-0.050,-1.130,-70.801,26.611,-100.952
-0.578,0.004,-1.076,-81.299,32.654,-95.459
-0.518,0.084,-1.046,-85.205,37.720,-90.210
-0.479,0.150,-0.993,-79.834,41.809,-83.252
-0.388,0.202,-0.930,-70.313,46.997,-75.195
-0.283,0.249,-0.862,-61.768,52.612,-65.674
-0.194,0.288,-0.775,-55.664,55.420,-54.749
-0.084,0.352,-0.676,-54.321,55.969,-42.664
0.038,0.453,-0.583,-57.617,53.650,-29.236
0.177,0.586,-0.499,-63.049,48.767,-15.076
0.304,0.725,-0.398,-67.871,41.626,1.404
0.438,0.856,-0.298,-71.960,33.630,22.522
0.582,0.975,-0.201,-72.083,23.621,48.157
0.742,1.063,-0.095,-63.110,8.179,77.515
0.888,1.083,-0.025,-47.241,-14.832,109.924
1.032,1.010,-0.001,-28.137,-46.631,144.836
1.169,0.895,0.001,-11.902,-84.656,178.711
1.254,0.789,-0.009,-3.357,-126.099,208.679
1.315,0.714,-0.024,-1.099,-167.908,235.168
1.354,0.632,-0.041,-3.418,-205.750,259.827
1.333,0.421,-0.134,-10.132,-233.704,283.508
1.337,0.162,-0.363,-22.705,-239.197,298.828
1.307,-0.119,-0.534,-32.898,-220.703,302.734
1.214,-0.433,-0.599,-32.715,-187.744,298.645
1.163,-0.692,-0.618,-27.283,-149.292,286.621
1.011,-0.847,-0.625,-14.709,-115.479,272.522
0.921,-1.039,-0.658,5.859,-89.539,259.155
0.818,-1.274,-0.666,23.804,-75.256,247.559
0.672,-1.480,-0.722,18.433,-73.547,241.333
0.620,-1.685,-0.847,-9.521,-75.684,237.854
0.544,-1.933,-1.000,-44.861,-78.308,235.291
0.439,-2.212,-1.156,-76.538,-78.979,229.309
0.350,-2.445,-1.296,-98.755,-73.181,215.820
0.270,-2.639,-1.388,-110.107,-61.523,196.777
0.175,-2.776,-1.429,-110.291,-45.227,176.147
0.086,-2.853,-1.410,-99.976,-28.381,153.625
0.023,-2.861,-1.378,-84.290,-13.367,129.700
-0.038,-2.830,-1.373,-66.711,-3.845,106.873
-0.195,-2.680,-1.383,-49.072,1.404,86.548
-0.263,-2.707,-1.321,-32.715,0.732,65.918
-0.228,-2.523,-1.467,-30.579,8.911,37.048
-0.361,-2.270,-1.507,-25.574,16.113,17.517
-0.405,-2.056,-1.471,-14.160,23.926,5.981
-0.422,-1.923,-1.451,5.066,29.236,-8.057
-0.423,-1.783,-1.434,26.123,30.823,-22.583
-0.454,-1.633,-1.451,42.542,33.691,-31.250
-0.452,-1.517,-1.479,55.420,39.612,-36.743
-0.433,-1.443,-1.475,68.115,45.532,-43.213
-0.433,-1.349,-1.455,77.271,49.805,-49.744
-0.441,-1.234,-1.439,82.581,52.490,-55.847
-0.448,-1.120,-1.434,86.243,55.054,-60.608
-0.457,-1.001,-1.477,91.248,58.655,-63.599
-0.466,-0.899,-1.554,100.891,63.599,-65.979
-0.496,-0.828,-1.635,113.708,69.397,-66.650
-0.530,-0.764,-1.703,124.512,78.064,-65.796
-0.547,-0.747,-1.742,132.935,88.379,-64.331
-0.565,-0.746,-1.754,137.268,99.426,-62.744
-0.574,-0.680,-1.800,136.475,110.901,-62.134
-0.569,-0.551,-1.918,137.634,119.873,-62.439
-0.589,-0.449,-2.085,146.362,125.732,-59.998
-0.620,-0.418,-2.229,160.522,133.301,-52.185
-0.656,-0.479,-2.253,171.997,147.888,-41.992
-0.708,-0.585,-2.086,168.762,166.138,-31.128
-0.758,-0.618,-1.922,146.667,182.007,-20.691
-0.733,-0.542,-1.747,122.803,194.763,-16.113
-0.690,-0.437,-1.604,106.873,198.364,-16.846
-0.641,-0.325,-1.526,95.886,201.416,-16.479
-0.518,-0.220,-1.422,84.717,211.060,-14.954
-0.344,-0.138,-1.236,71.716,226.562,-10.010
-0.199,-0.050,-0.995,56.335,243.164,0.671
-0.059,0.016,-0.749,41.748,256.714,13.428
0.101,0.034,-0.501,29.175,266.418,25.208
0.274,0.020,-0.236,17.700,268.799,37.048
0.417,0.026,-0.029,4.211,259.949,48.401
0.556,0.042,0.125,-9.033,241.333,60.059
0.683,0.044,0.249,-20.569,217.346,76.599
0.758,-0.008,0.381,-26.611,191.589,98.389
0.815,-0.103,0.507,-26.123,162.048,121.094
0.895,-0.239,0.616,-21.362,129.028,138.611
0.985,-0.420,0.673,-16.541,93.384,149.048
1.055,-0.670,0.685,-9.705,59.143,147.339
1.167,-0.855,0.603,0.122,25.391,126.282
1.143,-0.912,0.490,11.169,-5.859,95.947
1.059,-0.931,0.352,22.705,-33.386,70.679
1.004,-0.914,0.139,31.006,-53.528,49.194
0.933,-0.836,-0.099,40.344,-66.223,31.250
0.821,-0.739,-0.311,53.284,-70.618,17.517
0.691,-0.656,-0.484,66.772,-70.129,8.240
0.514,-0.589,-0.630,78.552,-70.435,0.488
0.349,-0.535,-0.746,87.036,-70.251,-8.057
0.229,-0.511,-0.789,91.003,-68.665,-17.456
0.101,-0.489,-0.836,85.510,-66.162,-23.437
0.007,-0.444,-0.890,70.740,-61.279,-27.222
-0.049,-0.377,-0.944,51.819,-52.673,-28.992
-0.119,-0.318,-1.003,34.363,-43.396,-28.503
-0.195,-0.289,-1.049,21.729,-34.058,-26.855
-0.251,-0.313,-1.064,11.780,-24.048,-24.963
-0.302,-0.365,-1.054,1.831,-17.090,-22.888
-0.327,-0.412,-1.052,-9.155,-13.672,-22.034
-0.362,-0.444,-1.044,-19.653,-12.634,-22.888
-0.398,-0.447,-1.049,-28.809,-12.817,-24.780
-0.424,-0.426,-1.075,-34.912,-11.963,-25.818
-0.438,-0.417,-1.099,-36.316,-9.399,-24.963
-0.464,-0.434,-1.092,-32.715,-4.761,-22.339
-0.471,-0.474,-1.050,-26.001,0.305,-19.165
-0.454,-0.506,-1.010,-21.057,3.113,-16.541
-0.448,-0.538,-0.992,-16.479,3.479,-15.320
-0.431,-0.565,-0.983,-10.803,3.784,-15.015
-0.371,-0.591,-0.971,-5.005,4.639,-15.442
-0.937,-0.560,-1.066,-34.973,-93.628,-137.817
-0.957,-0.492,-1.228,-17.639,-89.661,-142.395
-0.961,-0.453,-1.372,1.404,-77.087,-146.118
-0.942,-0.401,-1.487,16.479,-56.458,-150.208
-0.940,-0.364,-1.527,24.475,-33.630,-154.663
-0.917,-0.320,-1.522,23.132,-10.498,-158.691
-0.871,-0.262,-1.447,13.184,9.338,-162.415
-0.849,-0.177,-1.338,-2.014,23.743,-164.124
-0.829,-0.076,-1.235,-19.958,32.104,-162.537
-0.818,0.025,-1.164,-36.682,35.767,-157.959
-0.828,0.101,-1.123,-49.011,36.987,-150.513
-0.799,0.136,-1.087,-56.335,40.894,-141.663
-0.735,0.164,-1.020,-62.683,47.485,-133.118
-0.683,0.197,-0.944,-69.031,53.406,-125.732
-0.623,0.245,-0.867,-74.280,57.983,-119.263
-0.580,0.313,-0.800,-78.857,61.523,-112.305
-0.530,0.385,-0.728,-82.092,65.063,-103.760
-0.454,0.459,-0.667,-81.360,69.336,-93.567
-0.357,0.509,-0.595,-76.477,71.960,-81.970
-0.271,0.560,-0.538,-70.618,71.289,-68.542
-0.177,0.612,-0.480,-63.660,67.261,-53.284
-0.065,0.660,-0.425,-57.129,60.486,-37.231
0.074,0.738,-0.383,-53.040,51.941,-20.142
0.205,0.829,-0.348,-49.438,41.199,-1.953
0.323,0.892,-0.287,-44.434,25.574,20.264
0.464,0.925,-0.214,-40.955,5.127,47.546
0.591,0.916,-0.140,-40.710,-20.569,79.224
0.708,0.889,-0.066,-43.457,-51.270,112.183
0.867,0.859,0.013,-49.377,-87.891,143.860
0.995,0.829,0.110,-57.007,-133.850,175.781
1.088,0.796,0.166,-64.270,-189.575,209.045
1.153,0.765,0.168,-70.557,-246.948,242.615
1.181,0.711,0.115,-73.730,-299.683,275.146
1.193,0.606,0.021,-73.608,-338.989,305.542
1.176,0.392,-0.161,-69.214,-353.027,330.688
1.114,0.131,-0.469,-56.213,-335.144,343.933
0.974,-0.205,-0.728,-23.499,-293.457,339.539
0.849,-0.535,-0.937,16.541,-234.314,316.895
0.826,-0.800,-1.008,42.908,-172.119,287.170
0.798,-1.050,-0.901,46.143,-122.437,265.198
0.743,-1.247,-0.763,26.489,-94.727,252.380
0.692,-1.423,-0.711,-10.010,-90.454,242.493
0.652,-1.619,-0.810,-48.401,-104.309,232.117
0.644,-1.822,-1.061,-80.872,-120.422,222.168
0.594,-2.060,-1.332,-98.206,-127.808,210.632
0.517,-2.280,-1.597,-103.760,-121.338,197.327
0.440,-2.435,-1.825,-102.478,-100.342,181.152
0.418,-2.559,-1.879,-93.933,-70.251,159.729
0.344,-2.583,-1.821,-85.205,-38.025,136.902
0.270,-2.518,-1.697,-77.881,-11.353,114.441
0.214,-2.400,-1.577,-69.519,5.005,93.079
0.136,-2.244,-1.510,-58.044,11.169,74.707
0.123,-2.073,-1.533,-43.762,10.925,60.547
-0.033,-1.945,-1.473,-26.367,8.667,52.185
-0.113,-1.859,-1.557,-12.634,7.996,40.039
-0.118,-1.636,-1.678,-1.160,17.273,28.748
-0.168,-1.467,-1.688,17.700,22.827,21.606
-0.170,-1.311,-1.693,38.635,28.259,14.893
-0.167,-1.183,-1.734,59.570,32.043,9.216
-0.172,-1.097,-1.817,76.782,35.645,6.531
-0.163,-1.057,-1.859,87.524,42.358,4.578
-0.154,-0.995,-1.847,91.919,51.331,0.732
-0.138,-0.892,-1.831,92.285,59.082,-4.395
-0.143,-0.770,-1.853,90.759,62.622,-9.399
-0.154,-0.654,-1.925,87.036,63.110,-10.925
-0.188,-0.606,-2.023,83.252,63.721,-8.118
-0.227,-0.582,-2.154,79.956,67.993,-3.052
-0.241,-0.549,-2.285,78.247,77.271,1.038
-0.226,-0.491,-2.402,78.491,89.844,4.883
-0.211,-0.444,-2.507,79.834,104.126,11.597
-0.224,-0.462,-2.607,82.520,121.643,21.545
-0.175,-0.459,-2.667,84.961,145.081,29.602
-0.157,-0.503,-2.665,82.886,171.509,34.790
-0.174,-0.544,-2.577,73.547,200.134,38.025
-0.180,-0.567,-2.450,53.223,231.506,36.804
-0.160,-0.556,-2.308,25.696,265.930,31.189
-0.131,-0.522,-2.077,-0.610,303.772,20.569
-0.039,-0.463,-1.714,-24.353,342.102,6.470
0.069,-0.353,-1.277,-52.063,372.498,-5.798
0.201,-0.184,-0.838,-85.205,391.541,-15.625
0.278,0.013,-0.410,-119.263,399.231,-20.447
0.336,0.226,-0.032,-147.278,402.466,-17.822
0.492,0.416,0.265,-158.997,410.828,-10.559
0.780,0.440,0.650,-138.550,423.401,-2.930
1.118,0.260,1.153,-102.905,427.795,10.010
1.425,-0.050,1.751,-81.177,406.982,34.119
1.615,-0.377,2.288,-87.708,342.224,61.401
1.583,-0.679,2.594,-114.807,235.046,77.271
1.602,-0.621,2.519,-151.855,109.619,72.998
1.601,-0.327,2.088,-161.316,-8.484,74.768
1.455,0.006,1.417,-97.595,-96.375,97.351
1.448,-0.104,0.741,43.823,-137.268,124.084
1.431,-0.519,0.106,212.402,-150.757,122.864
1.400,-0.948,-0.420,345.459,-160.889,79.529
1.265,-1.135,-0.782,394.653,-176.758,14.282
0.956,-1.098,-1.112,345.093,-187.683,-35.156
0.607,-0.887,-1.404,225.403,-178.528,-53.894
0.326,-0.576,-1.577,93.384,-149.902,-46.814
0.065,-0.269,-1.622,0.549,-110.840,-29.236
-0.125,-0.133,-1.532,-32.227,-73.181,-19.104
-0.230,-0.139,-1.377,-28.259,-40.344,-16.541
-0.284,-0.242,-1.223,-16.357,-17.822,-13.367
-0.294,-0.388,-1.108,-13.245,-8.789,-6.958
-0.307,-0.532,-1.059,-23.682,-9.033,-0.977
-0.335,-0.637,-1.044,-42.114,-13.184,2.563
-0.349,-0.681,-1.029,-59.082,-14.954,2.502
-0.364,-0.679,-1.003,-67.139,-13.672,-0.244
-0.375,-0.678,-0.954,-65.247,-11.047,-4.150
-0.376,-0.686,-0.899,-56.335,-8.850,-8.057
-0.379,-0.711,-0.844,-41.931,-7.324,-11.536
-0.383,-0.726,-0.820,-26.794,-7.446,-13.733
-0.400,-0.736,-0.818,-12.085,-9.033,-13.123
-0.386,-0.761,-0.844,1.831,-11.719,-11.108
-0.356,-0.810,-0.877,14.771,-14.893,-9.155
-0.336,-0.854,-0.911,23.499,-19.104,-7.568
-0.311,-0.878,-0.951,24.841,-23.987,-7.446
-0.285,-0.887,-0.996,21.362,-27.771,-8.972
-0.257,-0.886,-1.031,15.991,-28.137,-11.536
-0.249,-0.885,-1.036,11.230,-25.330,-15.686
-0.913,-0.242,-1.505,29.236,-72.205,-159.241
-0.964,-0.195,-1.667,40.466,-57.800,-157.959
-0.948,-0.196,-1.784,49.377,-35.583,-156.616
-0.898,-0.169,-1.830,52.246,-10.559,-159.180
-0.872,-0.132,-1.850,49.072,10.376,-161.194
-0.797,-0.066,-1.891,43.884,29.724,-162.964
-0.775,0.014,-1.907,39.429,45.410,-162.781
-0.791,0.047,-1.906,32.593,59.021,-156.433
-0.757,0.048,-1.865,22.095,76.050,-147.766
-0.737,0.019,-1.764,9.277,93.384,-140.442
-0.708,-0.004,-1.633,-6.592,109.497,-134.766
-0.667,-0.011,-1.484,-25.391,124.207,-130.798
-0.589,0.011,-1.310,-45.227,137.756,-128.418
-0.522,0.067,-1.110,-63.232,147.400,-125.122
-0.488,0.138,-0.934,-79.163,151.917,-120.117
-0.422,0.226,-0.785,-91.187,153.564,-113.647
-0.371,0.304,-0.641,-96.436,152.527,-105.530
-0.331,0.392,-0.541,-95.520,151.306,-96.313
-0.260,0.454,-0.457,-87.341,150.452,-88.867
-0.167,0.513,-0.357,-74.463,148.499,-81.482
-0.072,0.582,-0.268,-60.425,142.273,-71.838
0.010,0.669,-0.208,-47.119,131.104,-60.059
0.101,0.764,-0.166,-35.522,115.906,-47.058
0.216,0.855,-0.125,-26.306,98.511,-31.494
0.356,0.947,-0.098,-18.921,79.163,-12.390
0.505,1.013,-0.048,-11.475,55.481,11.108
0.644,1.055,0.028,-5.066,25.696,39.185
0.738,1.071,0.122,-2.197,-11.841,70.190
0.815,1.076,0.203,-2.075,-56.885,102.966
0.940,1.091,0.269,-4.578,-106.079,134.644
1.066,1.090,0.281,-6.287,-162.964,166.199
1.170,1.117,0.250,-4.028,-231.384,198.975
1.266,1.142,0.144,2.258,-297.607,233.826
1.314,1.112,-0.046,15.930,-351.868,271.057
1.320,0.979,-0.313,34.973,-384.338,307.007
1.411,0.730,-0.481,53.162,-390.747,334.595
1.471,0.389,-0.554,55.542,-381.714,356.201
1.393,0.046,-0.619,43.396,-365.662,371.338
1.351,-0.203,-0.750,31.555,-342.102,373.047
1.312,-0.513,-0.923,35.278,-317.017,360.901
1.219,-0.882,-1.219,52.856,-285.217,338.013
1.193,-1.268,-1.484,70.496,-242.187,306.458
1.191,-1.644,-1.575,67.749,-199.219,276.489
1.182,-1.939,-1.583,35.522,-165.527,254.395
1.081,-2.168,-1.593,-9.338,-144.775,234.497
0.974,-2.258,-1.638,-51.025,-131.897,210.144
0.816,-2.329,-1.687,-81.055,-122.070,188.843
0.693,-2.367,-1.792,-95.093,-113.281,167.664
0.560,-2.374,-1.922,-93.811,-100.525,146.301
0.418,-2.344,-1.996,-87.769,-83.496,127.747
0.314,-2.254,-1.989,-80.322,-62.378,108.337
0.234,-2.130,-1.964,-71.411,-44.312,84.045
0.340,-1.943,-2.005,-64.514,-29.724,60.181
0.123,-1.804,-1.761,-57.800,-20.935,46.326
0.037,-1.693,-1.832,-58.228,-13.977,29.724
0.006,-1.484,-1.894,-57.190,-2.441,18.921
-0.085,-1.303,-1.869,-41.565,2.441,17.578
-0.113,-1.226,-1.866,-14.954,7.751,15.808
-0.127,-1.192,-1.866,14.282,11.292,11.475
-0.159,-1.105,-1.921,33.386,13.306,9.094
-0.184,-1.003,-2.033,45.044,18.738,7.507
-0.186,-0.923,-2.119,56.702,25.269,3.418
-0.176,-0.835,-2.184,66.711,31.372,0.244
-0.185,-0.745,-2.269,73.730,38.818,-0.732
-0.175,-0.695,-2.366,78.491,49.622,-1.282
-0.166,-0.691,-2.405,79.407,65.979,-2.075
-0.158,-0.668,-2.404,75.867,85.266,-3.235
-0.152,-0.639,-2.423,71.350,103.394,-7.690
-0.179,-0.631,-2.409,65.857,119.690,-14.893
-0.187,-0.599,-2.366,55.603,137.390,-20.874
-0.169,-0.568,-2.301,45.105,154.968,-27.100
-0.185,-0.560,-2.199,36.194,169.312,-33.508
-0.193,-0.512,-2.094,23.254,181.885,-38.635
-0.198,-0.440,-2.006,9.827,194.275,-42.847
-0.220,-0.373,-1.911,0.122,208.740,-44.739
-0.239,-0.327,-1.774,-6.042,227.051,-44.312
-0.241,-0.295,-1.671,-9.888,248.718,-43.091
-0.229,-0.280,-1.591,-10.254,273.437,-45.166
-0.185,-0.295,-1.416,-9.399,300.842,-50.720
-0.080,-0.280,-1.175,-13.855,328.613,-56.519
0.078,-0.253,-0.865,-20.752,349.609,-63.293
0.179,-0.205,-0.533,-29.236,360.657,-69.275
0.238,-0.155,-0.232,-42.297,359.375,-70.740
0.303,-0.130,0.080,-56.580,345.764,-66.467
0.333,-0.100,0.355,-73.303,321.655,-58.350
0.308,-0.055,0.506,-89.417,287.537,-45.532
0.322,-0.069,0.574,-95.276,252.563,-29.785
0.383,-0.162,0.622,-88.745,223.022,-13.855
0.425,-0.285,0.670,-75.562,199.280,0.244
0.456,-0.424,0.735,-58.716,175.354,10.925
0.531,-0.609,0.792,-44.250,148.376,15.686
0.550,-0.692,0.834,-34.973,112.427,11.963
0.531,-0.698,0.818,-30.273,67.627,9.705
0.499,-0.671,0.717,-23.437,21.790,13.794
0.458,-0.627,0.520,-9.827,-14.404,24.170
0.431,-0.624,0.323,10.620,-40.161,32.898
0.424,-0.650,0.138,34.668,-57.678,34.546
0.398,-0.682,-0.014,56.335,-70.435,30.762
0.375,-0.700,-0.158,71.350,-79.712,23.682
0.311,-0.685,-0.322,78.308,-85.388,14.587
0.234,-0.614,-0.505,78.796,-84.412,4.150
0.192,-0.545,-0.658,76.294,-77.026,-6.592
0.163,-0.477,-0.773,72.083,-66.956,-14.343
0.099,-0.419,-0.864,66.772,-59.387,-18.982
0.051,-0.370,-0.932,58.289,-55.603,-21.606
0.030,-0.354,-0.984,47.668,-54.810,-21.423
0.020,-0.363,-1.015,35.339,-56.885,-19.226
-0.000,-0.406,-1.019,20.813,-61.340,-15.991
-0.044,-0.459,-1.015,3.784,-67.383,-12.024
-0.116,-0.492,-1.037,-13.733,-74.402,-9.338
-0.173,-0.510,-1.074,-30.396,-77.271,-10.132
-0.215,-0.541,-1.072,-42.053,-73.914,-12.695
-0.261,-0.565,-1.022,-48.889,-67.688,-15.015
-0.281,-0.547,-0.965,-53.284,-62.134,-18.921
-0.285,-0.514,-0.920,-54.688,-60.364,-22.644
-0.273,-0.501,-0.866,-52.673,-62.195,-22.766
-0.274,-0.512,-0.827,-48.401,-65.979,-20.569
-0.292,-0.520,-0.799,-43.091,-71.533,-18.555
-0.310,-0.530,-0.768,-39.185,-77.820,-17.151
